,Study,Mosquito,Insecticide,concn,Hut,location,wall_type,Deterrency,Induced_Exophily,Bloodfeeding_inhibition,Insecticide_induced_mortality,insecticide,Months_since_IRS,time,Ntotalfemalemosq_C,Ntotaldied_C,Nexittraps_C,Nbloodfed_C,Ntotalfemalemosq_IRS,Ntotaldied_IRS,Nexittraps_IRS,Nbloodfed_IRS
1,UNPUBLISHED_Data_Corbel,Anophelesgambiae,S1642_100,0.1,WestAfrica,Benin,concrete,-9.090909091,17.5,-94.11764706,56,sumishield,0.25,0,22,2,2,17,20,12,5,18
2,UNPUBLISHED_Data_Corbel,Anophelesgambiae,S1642_200,0.2,WestAfrica,Benin,concrete,59.09090909,27.71428571,-24.23529412,68.57142857,sumishield,0.25,0,22,2,2,17,35,25,12,24
3,UNPUBLISHED_Data_Corbel,Anophelesgambiae,S1642_300,0.3,WestAfrica,Benin,concrete,9.090909091,49.58333333,-23.52941176,90.83333333,sumishield,0.25,0,22,2,2,17,24,22,13,21
4,UNPUBLISHED_Data_Corbel,Anophelesgambiae,S1642_450,0.45,WestAfrica,Benin,concrete,-40.90909091,6.923076923,20.36199095,100,sumishield,0.25,0,22,2,2,17,13,13,2,8
5,UNPUBLISHED_Data_Corbel,Anophelesgambiae,S1642_50,0.05,WestAfrica,Benin,concrete,-9.090909091,34,-104.9019608,56,sumishield,0.25,0,22,2,2,17,20,12,8,19
6,UNPUBLISHED_Data_Corbel,Anophelesgambiae,S1642_100,0.1,WestAfrica,Benin,concrete,-12.5,-14.28571429,-55.55555556,64.28571429,sumishield,0.5,0.5,16,0,3,16,14,9,1,14
7,UNPUBLISHED_Data_Corbel,Anophelesgambiae,S1642_200,0.2,WestAfrica,Benin,concrete,6.25,-1.357466063,-36.36363636,64.70588235,sumishield,0.5,0.5,16,0,3,16,17,11,3,15
8,UNPUBLISHED_Data_Corbel,Anophelesgambiae,S1642_300,0.3,WestAfrica,Benin,concrete,-68.75,-23.07692308,0,100,sumishield,0.5,0.5,16,0,3,16,5,5,0,5
9,UNPUBLISHED_Data_Corbel,Anophelesgambiae,S1642_450,0.45,WestAfrica,Benin,concrete,-25,-12.82051282,50,100,sumishield,0.5,0.5,16,0,3,16,12,12,1,6
10,UNPUBLISHED_Data_Corbel,Anophelesgambiae,S1642_50,0.05,WestAfrica,Benin,concrete,-68.75,1.538461538,-150,40,sumishield,0.5,0.5,16,0,3,16,5,2,1,5
11,UNPUBLISHED_Data_Corbel,Anophelesgambiae,S1642_100,0.1,WestAfrica,Benin,concrete,-57.14285714,18.33333333,-43.58974359,75,sumishield,0.75,0.75,28,0,8,26,12,9,5,12
12,UNPUBLISHED_Data_Corbel,Anophelesgambiae,S1642_200,0.2,WestAfrica,Benin,concrete,-25,-26.66666667,-27.88461538,76.19047619,sumishield,0.75,0.75,28,0,8,26,21,16,2,19
13,UNPUBLISHED_Data_Corbel,Anophelesgambiae,S1642_300,0.3,WestAfrica,Benin,concrete,-21.42857143,4.545454545,-13.07692308,90.90909091,sumishield,0.75,0.75,28,0,8,26,22,20,7,21
14,UNPUBLISHED_Data_Corbel,Anophelesgambiae,S1642_450,0.45,WestAfrica,Benin,concrete,39.28571429,-11.28205128,-1.165501166,84.61538462,sumishield,0.75,0.75,28,0,8,26,39,33,8,31
15,UNPUBLISHED_Data_Corbel,Anophelesgambiae,S1642_50,0.05,WestAfrica,Benin,concrete,-78.57142857,53.33333333,-61.53846154,66.66666667,sumishield,0.75,0.75,28,0,8,26,6,4,4,6
16,UNPUBLISHED_Data_Corbel,Anophelesgambiae,S1642_100,0.1,WestAfrica,Benin,concrete,-53.84615385,-12.06896552,-258.3783784,27.77777778,sumishield,1,1,39,0,10,37,18,5,3,17
17,UNPUBLISHED_Data_Corbel,Anophelesgambiae,S1642_200,0.2,WestAfrica,Benin,concrete,-35.8974359,19.31034483,-192.7927928,36,sumishield,1,1,39,0,10,37,25,9,10,25
18,UNPUBLISHED_Data_Corbel,Anophelesgambiae,S1642_300,0.3,WestAfrica,Benin,concrete,-48.71794872,32.75862069,-25.16891892,80,sumishield,1,1,39,0,10,37,20,16,10,19
19,UNPUBLISHED_Data_Corbel,Anophelesgambiae,S1642_450,0.45,WestAfrica,Benin,concrete,-69.23076923,43.96551724,-31.75675676,66.66666667,sumishield,1,1,39,0,10,37,12,8,7,10
20,UNPUBLISHED_Data_Corbel,Anophelesgambiae,S1642_50,0.05,WestAfrica,Benin,concrete,-69.23076923,21.55172414,-532.4324324,16.66666667,sumishield,1,1,39,0,10,37,12,2,5,12
21,UNPUBLISHED_Data_Corbel,Anophelesgambiae,S1642_100,0.1,WestAfrica,Benin,concrete,-18.86792453,-30.72586328,-172.3611111,37.20930233,sumishield,1.25,1.25,53,0,20,45,43,16,8,37
22,UNPUBLISHED_Data_Corbel,Anophelesgambiae,S1642_200,0.2,WestAfrica,Benin,concrete,-20.75471698,4.401154401,-318.7654321,21.42857143,sumishield,1.25,1.25,53,0,20,45,42,9,17,32
23,UNPUBLISHED_Data_Corbel,Anophelesgambiae,S1642_300,0.3,WestAfrica,Benin,concrete,-1.886792453,-14.27738928,-100.6584362,51.92307692,sumishield,1.25,1.25,53,0,20,45,52,27,15,46
24,UNPUBLISHED_Data_Corbel,Anophelesgambiae,S1642_450,0.45,WestAfrica,Benin,concrete,13.20754717,51.81818182,-36.95090439,71.66666667,sumishield,1.25,1.25,53,0,20,45,60,43,42,50
25,UNPUBLISHED_Data_Corbel,Anophelesgambiae,S1642_50,0.05,WestAfrica,Benin,concrete,-41.50943396,6.744868035,-410.3703704,19.35483871,sumishield,1.25,1.25,53,0,20,45,31,6,13,26
26,UNPUBLISHED_Data_Corbel,Anophelesgambiae,S1642_100,0.1,WestAfrica,Benin,concrete,-30.35714286,11.88811189,-469.2307692,17.94871795,sumishield,1.5,1.5,56,0,12,52,39,7,12,37
27,UNPUBLISHED_Data_Corbel,Anophelesgambiae,S1642_200,0.2,WestAfrica,Benin,concrete,-7.142857143,6.993006993,-110.7023411,44.23076923,sumishield,1.5,1.5,56,0,12,52,52,23,14,45
28,UNPUBLISHED_Data_Corbel,Anophelesgambiae,S1642_300,0.3,WestAfrica,Benin,concrete,-26.78571429,41.01995565,-108.6538462,39.02439024,sumishield,1.5,1.5,56,0,12,52,41,16,22,31
29,UNPUBLISHED_Data_Corbel,Anophelesgambiae,S1642_450,0.45,WestAfrica,Benin,concrete,-64.28571429,42.72727273,-241.025641,30,sumishield,1.5,1.5,56,0,12,52,20,6,11,19
30,UNPUBLISHED_Data_Corbel,Anophelesgambiae,S1642_50,0.05,WestAfrica,Benin,concrete,0,0,-1246.153846,7.142857143,sumishield,1.5,1.5,56,0,12,52,56,4,12,50
31,UNPUBLISHED_Data_Corbel,Anophelesgambiae,S1642_100,0.1,WestAfrica,Benin,concrete,-63.63636364,21.42857143,-292.8571429,23.25581395,sumishield,1.75,1.75,44,1,16,42,16,4,8,15
32,UNPUBLISHED_Data_Corbel,Anophelesgambiae,S1642_200,0.2,WestAfrica,Benin,concrete,-6.818181818,11.8466899,-137.4603175,35.11060692,sumishield,1.75,1.75,44,1,16,42,41,15,18,34
33,UNPUBLISHED_Data_Corbel,Anophelesgambiae,S1642_300,0.3,WestAfrica,Benin,concrete,-27.27272727,26.33928571,-54.06162465,52.03488372,sumishield,1.75,1.75,44,1,16,42,32,17,17,25
34,UNPUBLISHED_Data_Corbel,Anophelesgambiae,S1642_450,0.45,WestAfrica,Benin,concrete,-84.09090909,-57.14285714,-144.4444444,41.5282392,sumishield,1.75,1.75,44,1,16,42,7,3,0,7
35,UNPUBLISHED_Data_Corbel,Anophelesgambiae,S1642_50,0.05,WestAfrica,Benin,concrete,-43.18181818,30.85714286,-2100,1.76744186,sumishield,1.75,1.75,44,1,16,42,25,1,14,21
36,UNPUBLISHED_Data_Corbel,Anophelesgambiae,S1642_100,0.1,WestAfrica,Benin,concrete,-14.28571429,-0.574712644,-341.4414414,25,sumishield,2,2,42,0,13,37,36,9,11,35
37,UNPUBLISHED_Data_Corbel,Anophelesgambiae,S1642_200,0.2,WestAfrica,Benin,concrete,-2.380952381,-2.43902439,-191.8918919,34.14634146,sumishield,2,2,42,0,13,37,41,14,12,36
38,UNPUBLISHED_Data_Corbel,Anophelesgambiae,S1642_300,0.3,WestAfrica,Benin,concrete,9.523809524,-0.749625187,-120.7207207,39.13043478,sumishield,2,2,42,0,13,37,46,18,14,35
39,UNPUBLISHED_Data_Corbel,Anophelesgambiae,S1642_450,0.45,WestAfrica,Benin,concrete,-88.0952381,42.06896552,-41.89189189,80,sumishield,2,2,42,0,13,37,5,4,3,5
40,UNPUBLISHED_Data_Corbel,Anophelesgambiae,S1642_50,0.05,WestAfrica,Benin,concrete,19.04761905,-10.06896552,-382.4324324,16,sumishield,2,2,42,0,13,37,50,8,12,34
41,UNPUBLISHED_Data_Corbel,Anophelesgambiae,S1642_100,0.1,WestAfrica,Benin,concrete,-45.63106796,9.330985915,-296.8637993,21.42857143,sumishield,2.25,2.25,103,0,32,93,56,12,21,43
42,UNPUBLISHED_Data_Corbel,Anophelesgambiae,S1642_200,0.2,WestAfrica,Benin,concrete,-66.99029126,10.3976802,-130.0248139,38.23529412,sumishield,2.25,2.25,103,0,32,93,34,13,13,27
43,UNPUBLISHED_Data_Corbel,Anophelesgambiae,S1642_300,0.3,WestAfrica,Benin,concrete,-64.0776699,-5.862200228,-167.6523297,32.43243243,sumishield,2.25,2.25,103,0,32,93,37,12,10,29
44,UNPUBLISHED_Data_Corbel,Anophelesgambiae,S1642_450,0.45,WestAfrica,Benin,concrete,-82.52427184,-4.773082942,-88.27956989,55.55555556,sumishield,2.25,2.25,103,0,32,93,18,10,5,17
45,UNPUBLISHED_Data_Corbel,Anophelesgambiae,S1642_50,0.05,WestAfrica,Benin,concrete,-66.01941748,0.523138833,-293.7873357,25.71428571,sumishield,2.25,2.25,103,0,32,93,35,9,11,32
46,UNPUBLISHED_Data_Corbel,Anophelesgambiae,S1642_100,0.1,WestAfrica,Benin,concrete,-25,22.22222222,-288.8888889,21.42857143,sumishield,2.5,2.5,56,0,8,56,42,9,14,35
47,UNPUBLISHED_Data_Corbel,Anophelesgambiae,S1642_200,0.2,WestAfrica,Benin,concrete,41.07142857,15.82278481,-225,30.37974684,sumishield,2.5,2.5,56,0,8,56,79,24,22,78
48,UNPUBLISHED_Data_Corbel,Anophelesgambiae,S1642_300,0.3,WestAfrica,Benin,concrete,16.07142857,30,-103.4482759,44.61538462,sumishield,2.5,2.5,56,0,8,56,65,29,26,59
49,UNPUBLISHED_Data_Corbel,Anophelesgambiae,S1642_450,0.45,WestAfrica,Benin,concrete,-87.5,16.66666667,-75,57.14285714,sumishield,2.5,2.5,56,0,8,56,7,4,2,7
50,UNPUBLISHED_Data_Corbel,Anophelesgambiae,S1642_50,0.05,WestAfrica,Benin,concrete,-16.07142857,3.191489362,-4400,2.127659574,sumishield,2.5,2.5,56,0,8,56,47,1,8,45
51,UNPUBLISHED_Data_Corbel,Anophelesgambiae,S1642_100,0.1,WestAfrica,Benin,concrete,-36.53846154,-2.424242424,-547.1111111,15.15151515,sumishield,2.75,2.75,52,0,12,45,33,5,7,28
52,UNPUBLISHED_Data_Corbel,Anophelesgambiae,S1642_200,0.2,WestAfrica,Benin,concrete,-19.23076923,53.57142857,-304.4444444,23.80952381,sumishield,2.75,2.75,52,0,12,45,42,10,27,35
53,UNPUBLISHED_Data_Corbel,Anophelesgambiae,S1642_300,0.3,WestAfrica,Benin,concrete,-19.23076923,16.42857143,-208.1481481,28.57142857,sumishield,2.75,2.75,52,0,12,45,42,12,15,32
54,UNPUBLISHED_Data_Corbel,Anophelesgambiae,S1642_450,0.45,WestAfrica,Benin,concrete,-75,10,-98.0952381,53.84615385,sumishield,2.75,2.75,52,0,12,45,13,7,4,12
55,UNPUBLISHED_Data_Corbel,Anophelesgambiae,S1642_50,0.05,WestAfrica,Benin,concrete,-55.76923077,20.86956522,-1113.333333,8.695652174,sumishield,2.75,2.75,52,0,12,45,23,2,9,21
56,UNPUBLISHED_Data_Corbel,Anophelesgambiae,S1642_100,0.1,WestAfrica,Benin,concrete,-35.03649635,8.015894766,-718.7710438,13.48314607,sumishield,3,3,137,0,55,99,89,12,40,71
57,UNPUBLISHED_Data_Corbel,Anophelesgambiae,S1642_200,0.2,WestAfrica,Benin,concrete,-46.71532847,-19.01102573,-373.4183945,26.02739726,sumishield,3,3,137,0,55,99,73,19,21,65
58,UNPUBLISHED_Data_Corbel,Anophelesgambiae,S1642_300,0.3,WestAfrica,Benin,concrete,-35.76642336,-6.319290466,-180.2272727,45.45454545,sumishield,3,3,137,0,55,99,88,40,32,81
59,UNPUBLISHED_Data_Corbel,Anophelesgambiae,S1642_450,0.45,WestAfrica,Benin,concrete,-75.91240876,-1.25646711,-167.5420875,45.45454545,sumishield,3,3,137,0,55,99,33,15,13,29
60,UNPUBLISHED_Data_Corbel,Anophelesgambiae,S1642_50,0.05,WestAfrica,Benin,concrete,-62.04379562,-28.51782364,-868.6868687,13.46153846,sumishield,3,3,137,0,55,99,52,7,12,49
61,UNPUBLISHED_Data_Corbel,Anophelesgambiae,S1642_100,0.1,WestAfrica,Benin,concrete,-14.03508772,34.85714286,-270.5,24.48979592,sumishield,3.25,3.25,57,0,7,50,49,12,21,39
62,UNPUBLISHED_Data_Corbel,Anophelesgambiae,S1642_200,0.2,WestAfrica,Benin,concrete,-8.771929825,21.07692308,-215.1764706,32.69230769,sumishield,3.25,3.25,57,0,7,50,52,17,16,47
63,UNPUBLISHED_Data_Corbel,Anophelesgambiae,S1642_300,0.3,WestAfrica,Benin,concrete,0,18,-128,40.35087719,sumishield,3.25,3.25,57,0,7,50,57,23,16,46
64,UNPUBLISHED_Data_Corbel,Anophelesgambiae,S1642_450,0.45,WestAfrica,Benin,concrete,-66.66666667,22,-170.75,42.10526316,sumishield,3.25,3.25,57,0,7,50,19,8,6,19
65,UNPUBLISHED_Data_Corbel,Anophelesgambiae,S1642_50,0.05,WestAfrica,Benin,concrete,-45.61403509,48.51612903,-1002,9.677419355,sumishield,3.25,3.25,57,0,7,50,31,3,17,29
66,UNPUBLISHED_Data_Corbel,Anophelesgambiae,S1642_100,0.1,WestAfrica,Benin,concrete,-52.99145299,5.454545455,-1743.636364,4.639498433,sumishield,3.5,3.5,117,1,18,110,55,3,11,52
67,UNPUBLISHED_Data_Corbel,Anophelesgambiae,S1642_200,0.2,WestAfrica,Benin,concrete,-27.35042735,44.38502674,-319.5454545,20.4969574,sumishield,3.5,3.5,117,1,18,110,85,18,45,71
68,UNPUBLISHED_Data_Corbel,Anophelesgambiae,S1642_300,0.3,WestAfrica,Benin,concrete,-9.401709402,26.41509434,-153.2467532,39.10214704,sumishield,3.5,3.5,117,1,18,110,106,42,40,100
69,UNPUBLISHED_Data_Corbel,Anophelesgambiae,S1642_450,0.45,WestAfrica,Benin,concrete,-76.92307692,16.83501684,-132.0661157,40.22988506,sumishield,3.5,3.5,117,1,18,110,27,11,8,24
70,UNPUBLISHED_Data_Corbel,Anophelesgambiae,S1642_50,0.05,WestAfrica,Benin,concrete,-42.73504274,29.44369064,-928.1818182,8.170355121,sumishield,3.5,3.5,117,1,18,110,67,6,27,58
71,UNPUBLISHED_Data_Corbel,Anophelesgambiae,S1642_100,0.1,WestAfrica,Benin,concrete,-12.5,32.77310924,-1438.461538,5.714285714,sumishield,3.75,3.75,40,0,6,39,35,2,15,30
72,UNPUBLISHED_Data_Corbel,Anophelesgambiae,S1642_200,0.2,WestAfrica,Benin,concrete,-22.5,27.89373814,-429.9145299,19.35483871,sumishield,3.75,3.75,40,0,6,39,31,6,12,31
73,UNPUBLISHED_Data_Corbel,Anophelesgambiae,S1642_300,0.3,WestAfrica,Benin,concrete,-20,26.47058824,-253.2763533,28.125,sumishield,3.75,3.75,40,0,6,39,32,9,12,31
74,UNPUBLISHED_Data_Corbel,Anophelesgambiae,S1642_450,0.45,WestAfrica,Benin,concrete,-22.5,16.5085389,-147.8632479,38.70967742,sumishield,3.75,3.75,40,0,6,39,31,12,9,29
75,UNPUBLISHED_Data_Corbel,Anophelesgambiae,S1642_50,0.05,WestAfrica,Benin,concrete,-20,26.47058824,-643.5897436,12.5,sumishield,3.75,3.75,40,0,6,39,32,4,12,29
76,UNPUBLISHED_Data_Corbel,Anophelesgambiae,S1642_100,0.1,WestAfrica,Benin,concrete,40.90909091,17.82682513,-400,16.12903226,sumishield,4,4,22,0,3,22,31,5,9,25
77,UNPUBLISHED_Data_Corbel,Anophelesgambiae,S1642_200,0.2,WestAfrica,Benin,concrete,22.72727273,39.96101365,-350,22.22222222,sumishield,4,4,22,0,3,22,27,6,13,27
78,UNPUBLISHED_Data_Corbel,Anophelesgambiae,S1642_300,0.3,WestAfrica,Benin,concrete,-4.545454545,39.34837093,-150,38.0952381,sumishield,4,4,22,0,3,22,21,8,10,20
79,UNPUBLISHED_Data_Corbel,Anophelesgambiae,S1642_450,0.45,WestAfrica,Benin,concrete,-18.18181818,9.941520468,-125,44.44444444,sumishield,4,4,22,0,3,22,18,8,4,18
80,UNPUBLISHED_Data_Corbel,Anophelesgambiae,S1642_50,0.05,WestAfrica,Benin,concrete,-27.27272727,42.10526316,#DIV/0!,0,sumishield,4,4,22,0,3,22,16,0,8,15
81,UNPUBLISHED_Data_Corbel,Anophelesgambiae,S1642_100,0.1,WestAfrica,Benin,concrete,-25.92592593,67.85714286,-750,10,sumishield,4.25,4.25,27,0,6,27,20,2,15,17
82,UNPUBLISHED_Data_Corbel,Anophelesgambiae,S1642_200,0.2,WestAfrica,Benin,concrete,-51.85185185,10.98901099,-500,15.38461538,sumishield,4.25,4.25,27,0,6,27,13,2,4,12
83,UNPUBLISHED_Data_Corbel,Anophelesgambiae,S1642_300,0.3,WestAfrica,Benin,concrete,-40.74074074,19.64285714,-275,25,sumishield,4.25,4.25,27,0,6,27,16,4,6,15
84,UNPUBLISHED_Data_Corbel,Anophelesgambiae,S1642_450,0.45,WestAfrica,Benin,concrete,-44.44444444,22.85714286,-160,33.33333333,sumishield,4.25,4.25,27,0,6,27,15,5,6,13
85,UNPUBLISHED_Data_Corbel,Anophelesgambiae,S1642_50,0.05,WestAfrica,Benin,concrete,-62.96296296,10,#DIV/0!,0,sumishield,4.25,4.25,27,0,6,27,10,0,3,10
86,UNPUBLISHED_Data_Corbel,Anophelesgambiae,S1642_100,0.1,WestAfrica,Benin,concrete,-19.35483871,13.73913043,-733.3333333,12,sumishield,4.5,4.5,31,0,8,31,25,3,9,25
87,UNPUBLISHED_Data_Corbel,Anophelesgambiae,S1642_200,0.2,WestAfrica,Benin,concrete,-22.58064516,26.99275362,-380,20.83333333,sumishield,4.5,4.5,31,0,8,31,24,5,11,24
88,UNPUBLISHED_Data_Corbel,Anophelesgambiae,S1642_300,0.3,WestAfrica,Benin,concrete,-6.451612903,-6.896551724,-190,34.48275862,sumishield,4.5,4.5,31,0,8,31,29,10,6,29
89,UNPUBLISHED_Data_Corbel,Anophelesgambiae,S1642_450,0.45,WestAfrica,Benin,concrete,-77.41935484,22.98136646,-133.3333333,42.85714286,sumishield,4.5,4.5,31,0,8,31,7,3,3,7
90,UNPUBLISHED_Data_Corbel,Anophelesgambiae,S1642_50,0.05,WestAfrica,Benin,concrete,-58.06451613,17.05685619,-550,15.38461538,sumishield,4.5,4.5,31,0,8,31,13,2,5,13
91,UNPUBLISHED_Data_Corbel,Anophelesgambiae,S1642_100,0.1,WestAfrica,Benin,concrete,-32.60869565,-9.677419355,-866.6666667,9.677419355,sumishield,4.75,4.75,46,0,23,46,31,3,14,29
92,UNPUBLISHED_Data_Corbel,Anophelesgambiae,S1642_200,0.2,WestAfrica,Benin,concrete,-43.47826087,-69.23076923,-420,19.23076923,sumishield,4.75,4.75,46,0,23,46,26,5,4,26
93,UNPUBLISHED_Data_Corbel,Anophelesgambiae,S1642_300,0.3,WestAfrica,Benin,concrete,-50,-30.43478261,-228.5714286,30.43478261,sumishield,4.75,4.75,46,0,23,46,23,7,8,23
94,UNPUBLISHED_Data_Corbel,Anophelesgambiae,S1642_450,0.45,WestAfrica,Benin,concrete,-71.73913043,7.692307692,-225,30.76923077,sumishield,4.75,4.75,46,0,23,46,13,4,7,13
95,UNPUBLISHED_Data_Corbel,Anophelesgambiae,S1642_50,0.05,WestAfrica,Benin,concrete,-65.2173913,-12.5,-1500,6.25,sumishield,4.75,4.75,46,0,23,46,16,1,7,16
96,UNPUBLISHED_Data_Corbel,Anophelesgambiae,S1642_100,0.1,WestAfrica,Benin,concrete,-34.69387755,8.125,-1400,4.296875,sumishield,5,5,49,1,19,49,32,2,14,30
97,UNPUBLISHED_Data_Corbel,Anophelesgambiae,S1642_200,0.2,WestAfrica,Benin,concrete,-40.81632653,-35.17241379,-383.3333333,19.03735632,sumishield,5,5,49,1,19,49,29,6,5,29
98,UNPUBLISHED_Data_Corbel,Anophelesgambiae,S1642_300,0.3,WestAfrica,Benin,concrete,-65.30612245,13.52941176,-325,21.93627451,sumishield,5,5,49,1,19,49,17,4,8,17
99,UNPUBLISHED_Data_Corbel,Anophelesgambiae,S1642_450,0.45,WestAfrica,Benin,concrete,-71.42857143,6.666666667,-250,27.08333333,sumishield,5,5,49,1,19,49,14,4,6,14
100,UNPUBLISHED_Data_Corbel,Anophelesgambiae,S1642_50,0.05,WestAfrica,Benin,concrete,-75.51020408,4.722222222,-1100,6.423611111,sumishield,5,5,49,1,19,49,12,1,5,12
101,UNPUBLISHED_Data_Corbel,Anophelesgambiae,S1642_100,0.1,WestAfrica,Benin,concrete,-28.84615385,16.55405405,-1650,3.550609433,sumishield,5.25,5.25,52,1,20,52,37,2,18,35
102,UNPUBLISHED_Data_Corbel,Anophelesgambiae,S1642_200,0.2,WestAfrica,Benin,concrete,-38.46153846,-32.03125,-357.1428571,20.34313725,sumishield,5.25,5.25,52,1,20,52,32,7,6,32
103,UNPUBLISHED_Data_Corbel,Anophelesgambiae,S1642_300,0.3,WestAfrica,Benin,concrete,-63.46153846,14.47368421,-280,24.87100103,sumishield,5.25,5.25,52,1,20,52,19,5,9,19
104,UNPUBLISHED_Data_Corbel,Anophelesgambiae,S1642_450,0.45,WestAfrica,Benin,concrete,-73.07692308,18.75,-250,27.17086835,sumishield,5.25,5.25,52,1,20,52,14,4,7,14
105,UNPUBLISHED_Data_Corbel,Anophelesgambiae,S1642_50,0.05,WestAfrica,Benin,concrete,-75,12.5,-1200,5.882352941,sumishield,5.25,5.25,52,1,20,52,13,1,6,13
106,UNPUBLISHED_Data_Corbel,Anophelesgambiae,S1642_100,0.1,WestAfrica,Benin,concrete,-36.36363636,-1.020408163,-1550,3.968253968,sumishield,5.5,5.5,55,1,27,55,35,2,17,33
107,UNPUBLISHED_Data_Corbel,Anophelesgambiae,S1642_200,0.2,WestAfrica,Benin,concrete,-41.81818182,-53.45982143,-342.8571429,20.42824074,sumishield,5.5,5.5,55,1,27,55,32,7,7,31
108,UNPUBLISHED_Data_Corbel,Anophelesgambiae,S1642_300,0.3,WestAfrica,Benin,concrete,-61.81818182,6.462585034,-200,32.09876543,sumishield,5.5,5.5,55,1,27,55,21,7,11,21
109,UNPUBLISHED_Data_Corbel,Anophelesgambiae,S1642_450,0.45,WestAfrica,Benin,concrete,-76.36363636,9.340659341,-160,37.32193732,sumishield,5.5,5.5,55,1,27,55,13,5,7,13
110,UNPUBLISHED_Data_Corbel,Anophelesgambiae,S1642_50,0.05,WestAfrica,Benin,concrete,-69.09090909,-15.54621849,-433.3333333,16.12200436,sumishield,5.5,5.5,55,1,27,55,17,3,7,16
111,UNPUBLISHED_Data_Corbel,Anophelesgambiae,S1642_100,0.1,WestAfrica,Benin,concrete,-27.27272727,-14.58333333,-850,8.333333333,sumishield,5.75,5.75,55,1,25,55,40,4,15,38
112,UNPUBLISHED_Data_Corbel,Anophelesgambiae,S1642_200,0.2,WestAfrica,Benin,concrete,-49.09090909,-37.5,-350,19.97354497,sumishield,5.75,5.75,55,1,25,55,28,6,7,27
113,UNPUBLISHED_Data_Corbel,Anophelesgambiae,S1642_300,0.3,WestAfrica,Benin,concrete,-61.81818182,21.42857143,-200,32.09876543,sumishield,5.75,5.75,55,1,25,55,21,7,12,21
114,UNPUBLISHED_Data_Corbel,Anophelesgambiae,S1642_450,0.45,WestAfrica,Benin,concrete,-74.54545455,8.333333333,-180,34.52380952,sumishield,5.75,5.75,55,1,25,55,14,5,7,14
115,UNPUBLISHED_Data_Corbel,Anophelesgambiae,S1642_50,0.05,WestAfrica,Benin,concrete,-63.63636364,-10,-533.3333333,13.42592593,sumishield,5.75,5.75,55,1,25,55,20,3,8,19
116,UNPUBLISHED_Data_Corbel,Anophelesgambiae,S1642_100,0.1,WestAfrica,Benin,concrete,-33.92857143,-25.25629077,-790.9090909,9.189189189,sumishield,6,6,56,1,27,55,37,4,13,35
117,UNPUBLISHED_Data_Corbel,Anophelesgambiae,S1642_200,0.2,WestAfrica,Benin,concrete,-46.42857143,-35.17241379,-470.1818182,15.15151515,sumishield,6,6,56,1,27,55,30,5,9,28
118,UNPUBLISHED_Data_Corbel,Anophelesgambiae,S1642_300,0.3,WestAfrica,Benin,concrete,-48.21428571,-13.19857313,-321.8181818,22.75862069,sumishield,6,6,56,1,27,55,29,7,12,29
119,UNPUBLISHED_Data_Corbel,Anophelesgambiae,S1642_450,0.45,WestAfrica,Benin,concrete,-76.78571429,-3.978779841,-230.9090909,29.51048951,sumishield,6,6,56,1,27,55,13,4,6,13
120,UNPUBLISHED_Data_Corbel,Anophelesgambiae,S1642_50,0.05,WestAfrica,Benin,concrete,-64.28571429,-15.86206897,-867.2727273,8.363636364,sumishield,6,6,56,1,27,55,20,2,8,19
121,UNPUBLISHED_Data_Corbel,Anophelesgambiae,S1642_100,0.1,WestAfrica,Benin,concrete,-37.28813559,-6.306306306,-1086.781609,6.523765144,sumishield,6.25,6.25,59,1,23,58,37,3,13,35
122,UNPUBLISHED_Data_Corbel,Anophelesgambiae,S1642_200,0.2,WestAfrica,Benin,concrete,-47.45762712,-16.30824373,-637.5,11.40155729,sumishield,6.25,6.25,59,1,23,58,31,4,9,29
123,UNPUBLISHED_Data_Corbel,Anophelesgambiae,S1642_300,0.3,WestAfrica,Benin,concrete,-47.45762712,10.12544803,-350.4926108,21.2458287,sumishield,6.25,6.25,59,1,23,58,31,7,14,31
124,UNPUBLISHED_Data_Corbel,Anophelesgambiae,S1642_450,0.45,WestAfrica,Benin,concrete,-79.66101695,18.05555556,-306.8965517,23.70689655,sumishield,6.25,6.25,59,1,23,58,12,3,6,12
125,UNPUBLISHED_Data_Corbel,Anophelesgambiae,S1642_50,0.05,WestAfrica,Benin,concrete,-71.18644068,-6.045751634,-713.7931034,10.24340771,sumishield,6.25,6.25,59,1,23,58,17,2,6,16
126,UNPUBLISHED_Data_Corbel,Anophelesgambiae,S1642_100,0.1,WestAfrica,Benin,concrete,-25.92592593,-18.63636364,-918.8679245,8.301886792,sumishield,6.5,6.5,54,1,21,53,40,4,11,40
127,UNPUBLISHED_Data_Corbel,Anophelesgambiae,S1642_200,0.2,WestAfrica,Benin,concrete,-38.88888889,-14.04958678,-689.6226415,10.46312178,sumishield,6.5,6.5,54,1,21,53,33,4,10,31
128,UNPUBLISHED_Data_Corbel,Anophelesgambiae,S1642_300,0.3,WestAfrica,Benin,concrete,-55.55555556,18.18181818,-389.0566038,19.33962264,sumishield,6.5,6.5,54,1,21,53,24,5,12,24
129,UNPUBLISHED_Data_Corbel,Anophelesgambiae,S1642_450,0.45,WestAfrica,Benin,concrete,-81.48148148,18.18181818,-409.4339623,18.49056604,sumishield,6.5,6.5,54,1,21,53,10,2,5,10
130,UNPUBLISHED_Data_Corbel,Anophelesgambiae,S1642_50,0.05,WestAfrica,Benin,concrete,-59.25925926,-26.44628099,-969.8113208,7.375643225,sumishield,6.5,6.5,54,1,21,53,22,2,5,21
131,UNPUBLISHED_Data_Corbel,Anophelesgambiae,S1642_100,0.1,WestAfrica,Benin,concrete,-10,-27.57201646,-920.4081633,8.888888889,sumishield,6.75,6.75,50,0,23,49,45,4,14,40
132,UNPUBLISHED_Data_Corbel,Anophelesgambiae,S1642_200,0.2,WestAfrica,Benin,concrete,-38,-13.50059737,-886.3945578,9.677419355,sumishield,6.75,6.75,50,0,23,49,31,3,12,29
133,UNPUBLISHED_Data_Corbel,Anophelesgambiae,S1642_300,0.3,WestAfrica,Benin,concrete,-44,20.63492063,-376.1904762,21.42857143,sumishield,6.75,6.75,50,0,23,49,28,6,16,28
134,UNPUBLISHED_Data_Corbel,Anophelesgambiae,S1642_450,0.45,WestAfrica,Benin,concrete,-86,20.63492063,-257.1428571,28.57142857,sumishield,6.75,6.75,50,0,23,49,7,2,4,7
135,UNPUBLISHED_Data_Corbel,Anophelesgambiae,S1642_50,0.05,WestAfrica,Benin,concrete,-48,-42.45014245,-1175.510204,7.692307692,sumishield,6.75,6.75,50,0,23,49,26,2,6,25
136,UNPUBLISHED_Data_Corbel,Anophelesgambiae,S1642_100,0.1,WestAfrica,Benin,concrete,-30.98591549,-3.948535936,-1015.714286,8.163265306,sumishield,7,7,71,0,25,70,49,4,16,44
137,UNPUBLISHED_Data_Corbel,Anophelesgambiae,S1642_200,0.2,WestAfrica,Benin,concrete,-47.88732394,-12.63219741,-1083.333333,8.108108108,sumishield,7,7,71,0,25,70,37,3,10,35
138,UNPUBLISHED_Data_Corbel,Anophelesgambiae,S1642_300,0.3,WestAfrica,Benin,concrete,-54.92957746,18.00271739,-363.6734694,21.875,sumishield,7,7,71,0,25,70,32,7,15,32
139,UNPUBLISHED_Data_Corbel,Anophelesgambiae,S1642_450,0.45,WestAfrica,Benin,concrete,-90.14084507,33.85093168,-255,28.57142857,sumishield,7,7,71,0,25,70,7,2,4,7
140,UNPUBLISHED_Data_Corbel,Anophelesgambiae,S1642_50,0.05,WestAfrica,Benin,concrete,-64.78873239,-29.65217391,-1117.142857,8,sumishield,7,7,71,0,25,70,25,2,4,24
141,UNPUBLISHED_Data_Corbel,Anophelesgambiae,S1642_100,0.1,WestAfrica,Benin,concrete,-15.27777778,1.237872198,-1035.774648,8.196721311,sumishield,7.25,7.25,72,0,23,71,61,5,20,56
142,UNPUBLISHED_Data_Corbel,Anophelesgambiae,S1642_200,0.2,WestAfrica,Benin,concrete,-47.22222222,-8.270676692,-1116.901408,7.894736842,sumishield,7.25,7.25,72,0,23,71,38,3,10,36
143,UNPUBLISHED_Data_Corbel,Anophelesgambiae,S1642_300,0.3,WestAfrica,Benin,concrete,-44.44444444,11.83673469,-576.056338,15,sumishield,7.25,7.25,72,0,23,71,40,6,16,40
144,UNPUBLISHED_Data_Corbel,Anophelesgambiae,S1642_450,0.45,WestAfrica,Benin,concrete,-90.27777778,37.02623907,-609.8591549,14.28571429,sumishield,7.25,7.25,72,0,23,71,7,1,4,7
145,UNPUBLISHED_Data_Corbel,Anophelesgambiae,S1642_50,0.05,WestAfrica,Benin,concrete,-65.27777778,-17.55102041,#DIV/0!,0,sumishield,7.25,7.25,72,0,23,71,25,0,5,25
146,UNPUBLISHED_Data_Corbel,Anophelesgambiae,S1642_100,0.1,WestAfrica,Benin,concrete,-32.95454545,-5.762711864,-1720.689655,5.084745763,sumishield,7.5,7.5,88,0,33,87,59,3,20,54
147,UNPUBLISHED_Data_Corbel,Anophelesgambiae,S1642_200,0.2,WestAfrica,Benin,concrete,-50,-23.63636364,-749.6551724,11.36363636,sumishield,7.5,7.5,88,0,33,87,44,5,10,42
148,UNPUBLISHED_Data_Corbel,Anophelesgambiae,S1642_300,0.3,WestAfrica,Benin,concrete,-52.27272727,8.571428571,-431.0344828,19.04761905,sumishield,7.5,7.5,88,0,33,87,42,8,18,42
149,UNPUBLISHED_Data_Corbel,Anophelesgambiae,S1642_450,0.45,WestAfrica,Benin,concrete,-93.18181818,46.66666667,-506.8965517,16.66666667,sumishield,7.5,7.5,88,0,33,87,6,1,4,6
150,UNPUBLISHED_Data_Corbel,Anophelesgambiae,S1642_50,0.05,WestAfrica,Benin,concrete,-68.18181818,-37.14285714,#DIV/0!,0,sumishield,7.5,7.5,88,0,33,87,28,0,4,27
151,UNPUBLISHED_Data_Corbel,Anophelesgambiae,S1642_100,0.1,WestAfrica,Benin,concrete,-30.92783505,1.184553423,-1400,5.970149254,sumishield,7.75,7.75,97,0,34,97,67,4,24,60
152,UNPUBLISHED_Data_Corbel,Anophelesgambiae,S1642_200,0.2,WestAfrica,Benin,concrete,-61.8556701,-20.67782068,-800,10.81081081,sumishield,7.75,7.75,97,0,34,97,37,4,8,36
153,UNPUBLISHED_Data_Corbel,Anophelesgambiae,S1642_300,0.3,WestAfrica,Benin,concrete,-62.88659794,14.46208113,-350,22.22222222,sumishield,7.75,7.75,97,0,34,97,36,8,16,36
154,UNPUBLISHED_Data_Corbel,Anophelesgambiae,S1642_450,0.45,WestAfrica,Benin,concrete,-94.84536082,38.41269841,-400,20,sumishield,7.75,7.75,97,0,34,97,5,1,3,5
155,UNPUBLISHED_Data_Corbel,Anophelesgambiae,S1642_50,0.05,WestAfrica,Benin,concrete,-72.16494845,-25.45561434,#DIV/0!,0,sumishield,7.75,7.75,97,0,34,97,27,0,5,26
156,UNPUBLISHED_Data_Corbel,Anophelesgambiae,S1642_100,0.1,WestAfrica,Benin,concrete,-39.63963964,16.05970149,-1400,5.970149254,sumishield,8,8,111,0,36,111,67,4,29,60
157,UNPUBLISHED_Data_Corbel,Anophelesgambiae,S1642_200,0.2,WestAfrica,Benin,concrete,-59.45945946,-11.82222222,-720,11.11111111,sumishield,8,8,111,0,36,111,45,5,11,41
158,UNPUBLISHED_Data_Corbel,Anophelesgambiae,S1642_300,0.3,WestAfrica,Benin,concrete,-56.75675676,-1.75,-433.3333333,18.75,sumishield,8,8,111,0,36,111,48,9,15,48
159,UNPUBLISHED_Data_Corbel,Anophelesgambiae,S1642_450,0.45,WestAfrica,Benin,concrete,-97.2972973,50.66666667,#DIV/0!,0,sumishield,8,8,111,0,36,111,3,0,2,3
160,UNPUBLISHED_Data_Corbel,Anophelesgambiae,S1642_50,0.05,WestAfrica,Benin,concrete,-71.17117117,-11,#DIV/0!,0,sumishield,8,8,111,0,36,111,32,0,8,31
161,UNPUBLISHED_Data_Corbel,Anophelesgambiae,S1642_100,0.1,WestAfrica,Benin,concrete,-44.61538462,22.61904762,-3150,2.777777778,sumishield,8.25,8.25,130,0,32,128,72,2,30,64
162,UNPUBLISHED_Data_Corbel,Anophelesgambiae,S1642_200,0.2,WestAfrica,Benin,concrete,-63.07692308,-7.780612245,-793.75,10.41666667,sumishield,8.25,8.25,130,0,32,128,48,5,9,44
163,UNPUBLISHED_Data_Corbel,Anophelesgambiae,S1642_300,0.3,WestAfrica,Benin,concrete,-53.84615385,15.98639456,-478.90625,16.66666667,sumishield,8.25,8.25,130,0,32,128,60,10,22,57
164,UNPUBLISHED_Data_Corbel,Anophelesgambiae,S1642_450,0.45,WestAfrica,Benin,concrete,-97.69230769,100,#DIV/0!,0,sumishield,8.25,8.25,130,0,32,128,3,0,3,2
165,UNPUBLISHED_Data_Corbel,Anophelesgambiae,S1642_50,0.05,WestAfrica,Benin,concrete,-76.15384615,27.25477288,#DIV/0!,0,sumishield,8.25,8.25,130,0,32,128,31,0,14,30
166,UNPUBLISHED_Data_Corbel,Anophelesgambiae,S1642_100,0.1,WestAfrica,Benin,concrete,-37.6,11.94702733,-3660.162602,2.564102564,sumishield,8.5,8.5,125,0,34,123,78,2,28,74
167,UNPUBLISHED_Data_Corbel,Anophelesgambiae,S1642_200,0.2,WestAfrica,Benin,concrete,-60.8,-12.13276519,-814.6341463,10.20408163,sumishield,8.5,8.5,125,0,34,123,49,5,9,45
168,UNPUBLISHED_Data_Corbel,Anophelesgambiae,S1642_300,0.3,WestAfrica,Benin,concrete,-48.8,9.855769231,-519.9186992,15.625,sumishield,8.5,8.5,125,0,34,123,64,10,22,61
169,UNPUBLISHED_Data_Corbel,Anophelesgambiae,S1642_450,0.45,WestAfrica,Benin,concrete,-97.6,100,#DIV/0!,0,sumishield,8.5,8.5,125,0,34,123,3,0,3,2
170,UNPUBLISHED_Data_Corbel,Anophelesgambiae,S1642_50,0.05,WestAfrica,Benin,concrete,-70.4,22.03742204,#DIV/0!,0,sumishield,8.5,8.5,125,0,34,123,37,0,16,35
171,UNPUBLISHED_Data_Corbel,Anophelesgambiae,S1642_100,0.1,WestAfrica,Benin,concrete,-22.22222222,8.860759494,-2549.056604,3.571428571,sumishield,8.75,8.75,108,0,29,106,84,3,28,78
172,UNPUBLISHED_Data_Corbel,Anophelesgambiae,S1642_200,0.2,WestAfrica,Benin,concrete,-55.55555556,0.316455696,-647.1698113,12.5,sumishield,8.75,8.75,108,0,29,106,48,6,13,44
173,UNPUBLISHED_Data_Corbel,Anophelesgambiae,S1642_300,0.3,WestAfrica,Benin,concrete,-39.81481481,7.458617332,-474.271012,16.92307692,sumishield,8.75,8.75,108,0,29,106,65,11,21,62
174,UNPUBLISHED_Data_Corbel,Anophelesgambiae,S1642_450,0.45,WestAfrica,Benin,concrete,-96.2962963,65.82278481,-205.6603774,25,sumishield,8.75,8.75,108,0,29,106,4,1,3,3
175,UNPUBLISHED_Data_Corbel,Anophelesgambiae,S1642_50,0.05,WestAfrica,Benin,concrete,-58.33333333,14.93670886,#DIV/0!,0,sumishield,8.75,8.75,108,0,29,106,45,0,17,43
176,UNPUBLISHED_Data_Corbel,Anophelesgambiae,S1642_100,0.1,WestAfrica,Benin,concrete,-29.83870968,20.00938306,-4016.393443,2.298850575,sumishield,9,9,124,0,26,122,87,2,32,81
177,UNPUBLISHED_Data_Corbel,Anophelesgambiae,S1642_200,0.2,WestAfrica,Benin,concrete,-58.06451613,2.668759812,-730.0546448,11.53846154,sumishield,9,9,124,0,26,122,52,6,12,49
178,UNPUBLISHED_Data_Corbel,Anophelesgambiae,S1642_300,0.3,WestAfrica,Benin,concrete,-53.22580645,10.55594652,-408.1967213,18.96551724,sumishield,9,9,124,0,26,122,58,11,17,55
179,UNPUBLISHED_Data_Corbel,Anophelesgambiae,S1642_450,0.45,WestAfrica,Benin,concrete,-96.77419355,36.73469388,-204.9180328,25,sumishield,9,9,124,0,26,122,4,1,2,3
180,UNPUBLISHED_Data_Corbel,Anophelesgambiae,S1642_50,0.05,WestAfrica,Benin,concrete,-61.29032258,20.91836735,#DIV/0!,0,sumishield,9,9,124,0,26,122,48,0,18,45
181,UNPUBLISHED_Data_Corbel,Anophelesgambiae,S1642_100,0.1,WestAfrica,Benin,concrete,-23.72881356,29.9009901,-4209.565217,2.222222222,sumishield,9.25,9.25,118,0,17,115,90,2,36,84
182,UNPUBLISHED_Data_Corbel,Anophelesgambiae,S1642_200,0.2,WestAfrica,Benin,concrete,-51.69491525,13.91349661,-1285.217391,7.01754386,sumishield,9.25,9.25,118,0,17,115,57,4,15,54
183,UNPUBLISHED_Data_Corbel,Anophelesgambiae,S1642_300,0.3,WestAfrica,Benin,concrete,-47.45762712,13.31842862,-450.3557312,17.74193548,sumishield,9.25,9.25,118,0,17,115,62,11,16,59
184,UNPUBLISHED_Data_Corbel,Anophelesgambiae,S1642_450,0.45,WestAfrica,Benin,concrete,-94.91525424,41.58415842,-413.0434783,16.66666667,sumishield,9.25,9.25,118,0,17,115,6,1,3,5
185,UNPUBLISHED_Data_Corbel,Anophelesgambiae,S1642_50,0.05,WestAfrica,Benin,concrete,-60.16949153,37.85548768,#DIV/0!,0,sumishield,9.25,9.25,118,0,17,115,47,0,22,45
186,UNPUBLISHED_Data_Corbel,Anophelesgambiae,S1642_100,0.1,WestAfrica,Benin,concrete,-4.958677686,25.00462535,-11179.66102,0.869565217,sumishield,9.5,9.5,121,0,27,118,115,1,48,110
187,UNPUBLISHED_Data_Corbel,Anophelesgambiae,S1642_200,0.2,WestAfrica,Benin,concrete,-42.97520661,-2.605612088,-1233.050847,7.246376812,sumishield,9.5,9.5,121,0,27,118,69,5,14,65
188,UNPUBLISHED_Data_Corbel,Anophelesgambiae,S1642_300,0.3,WestAfrica,Benin,concrete,-46.28099174,16.82487725,-477.9661017,16.92307692,sumishield,9.5,9.5,121,0,27,118,65,11,23,62
189,UNPUBLISHED_Data_Corbel,Anophelesgambiae,S1642_450,0.45,WestAfrica,Benin,concrete,-95.04132231,35.63829787,-412.7118644,16.66666667,sumishield,9.5,9.5,121,0,27,118,6,1,3,5
190,UNPUBLISHED_Data_Corbel,Anophelesgambiae,S1642_50,0.05,WestAfrica,Benin,concrete,-49.58677686,19.81164981,#DIV/0!,0,sumishield,9.5,9.5,121,0,27,118,61,0,23,59
191,UNPUBLISHED_Data_Corbel,Anophelesgambiae,S1642_100,0.1,WestAfrica,Benin,concrete,9.259259259,19.37046005,-11522.85714,0.847457627,sumishield,9.75,9.75,108,0,24,105,118,1,44,113
192,UNPUBLISHED_Data_Corbel,Anophelesgambiae,S1642_200,0.2,WestAfrica,Benin,concrete,-45.37037037,-0.242130751,-1093.142857,8.474576271,sumishield,9.75,9.75,108,0,24,105,59,5,13,58
193,UNPUBLISHED_Data_Corbel,Anophelesgambiae,S1642_300,0.3,WestAfrica,Benin,concrete,-50,21.42857143,-482.8571429,16.66666667,sumishield,9.75,9.75,108,0,24,105,54,9,21,51
194,UNPUBLISHED_Data_Corbel,Anophelesgambiae,S1642_450,0.45,WestAfrica,Benin,concrete,-93.51851852,26.53061224,-208.5714286,28.57142857,sumishield,9.75,9.75,108,0,24,105,7,2,3,6
195,UNPUBLISHED_Data_Corbel,Anophelesgambiae,S1642_50,0.05,WestAfrica,Benin,concrete,-47.22222222,16.54135338,#DIV/0!,0,sumishield,9.75,9.75,108,0,24,105,57,0,20,54
196,UNPUBLISHED_Sarah_Moore,Anopheles_arabiensis,Sumishield,,Ifakara,Tanzania,Ifakara_huts,-38.25136612,-4.789172306,24.69135802,45.7109815,sumishield,1.3,1.3,183,7,132,9,113,54,80,2
197,UNPUBLISHED_Sarah_Moore,Anopheles_arabiensis,Sumishield,,Ifakara,Tanzania,Ifakara_huts,78.26086957,25.20325203,-287.9518072,47.16392513,sumishield,1.333333333,1.333333333,92,6,77,2,164,83,144,7
198,UNPUBLISHED_Sarah_Moore,Anopheles_arabiensis,Sumishield,,Ifakara,Tanzania,Ifakara_huts,-55.67010309,-329.6788483,-1840,10.26596428,sumishield,1.366666667,1.366666667,194,13,173,5,86,14,46,7
199,UNPUBLISHED_Sarah_Moore,Anopheles_arabiensis,Sumishield,,Ifakara,Tanzania,Ifakara_huts,-5.426356589,33.03278689,100,36.20783092,sumishield,1.4,1.4,129,8,69,7,122,49,84,0
200,UNPUBLISHED_Sarah_Moore,Anopheles_arabiensis,Sumishield,,Ifakara,Tanzania,Ifakara_huts,69.23076923,47.47474747,100,55.3030303,sumishield,1.433333333,1.433333333,91,13,46,8,154,95,114,0
201,UNPUBLISHED_Sarah_Moore,Anopheles_arabiensis,Sumishield,,Ifakara,Tanzania,Ifakara_huts,-20.19230769,49.87951807,-188.8888889,15.02561972,sumishield,1.533333333,1.533333333,104,17,74,15,83,24,71,10
202,UNPUBLISHED_Sarah_Moore,Anopheles_arabiensis,Sumishield,,Ifakara,Tanzania,Ifakara_huts,-63.54166667,-42.22222222,-966.6666667,16.52173913,sumishield,1.566666667,1.566666667,96,4,69,9,35,7,21,7
203,UNPUBLISHED_Sarah_Moore,Anopheles_arabiensis,Sumishield,,Ifakara,Tanzania,Ifakara_huts,29.62962963,0.816326531,-215,25.82417582,sumishield,1.6,1.6,54,2,40,6,70,20,52,7
204,UNPUBLISHED_Sarah_Moore,Anopheles_arabiensis,Sumishield,,Ifakara,Tanzania,Ifakara_huts,280.8219178,21.22302158,40.6504065,39.25158381,sumishield,1.633333333,1.633333333,73,6,60,5,278,123,239,5
205,UNPUBLISHED_Sarah_Moore,Anopheles_arabiensis,Sumishield,,Ifakara,Tanzania,Ifakara_huts,23.33333333,-71.89189189,-438.0116959,26.94674873,sumishield,1.666666667,1.666666667,120,19,95,9,148,57,95,23
206,UNPUBLISHED_Sarah_Moore,Anopheles_arabiensis,Sumishield,,Ifakara,Tanzania,Ifakara_huts,79.41176471,-43.32552693,-1154.761905,14.65163934,sumishield,1.766666667,1.766666667,102,6,88,7,183,36,147,31
207,UNPUBLISHED_Sarah_Moore,Anopheles_arabiensis,Sumishield,,Ifakara,Tanzania,Ifakara_huts,5.813953488,-110.8199493,-372.5274725,16.98841699,sumishield,1.8,1.8,86,12,73,7,91,26,62,10
208,UNPUBLISHED_Sarah_Moore,Anopheles_arabiensis,Sumishield,,Ifakara,Tanzania,Ifakara_huts,23.07692308,-45.39473684,-196.4912281,28.30882353,sumishield,1.833333333,1.833333333,104,2,85,12,128,38,94,13
209,UNPUBLISHED_Sarah_Moore,Anopheles_arabiensis,Sumishield,,Ifakara,Tanzania,Ifakara_huts,-0.724637681,-13.86861314,10.24390244,23.25338895,sumishield,1.866666667,1.866666667,138,12,115,30,137,41,111,8
210,UNPUBLISHED_Sarah_Moore,Anopheles_arabiensis,Sumishield,,Ifakara,Tanzania,Ifakara_huts,154.7169811,63.64883402,-278.5714286,17.11934156,sumishield,1.9,1.9,53,8,26,7,135,40,110,20
211,UNPUBLISHED_Sarah_Moore,Anopheles_arabiensis,Sumishield,,Ifakara,Tanzania,Ifakara_huts,-8.571428571,-15.28716216,-433.3333333,7.528409091,sumishield,2,2,140,30,103,12,128,35,89,16
212,UNPUBLISHED_Sarah_Moore,Anopheles_arabiensis,Sumishield,,Ifakara,Tanzania,Ifakara_huts,-12.5,9.77443609,2.43902439,52.94117647,sumishield,2.033333333,2.033333333,160,24,103,41,140,84,95,21
213,UNPUBLISHED_Sarah_Moore,Anopheles_arabiensis,Sumishield,,Ifakara,Tanzania,Ifakara_huts,12.39669421,-22.01680672,-429.6296296,29.16904626,sumishield,2.066666667,2.066666667,121,18,86,11,136,54,88,26
214,UNPUBLISHED_Sarah_Moore,Anopheles_arabiensis,Sumishield,,Ifakara,Tanzania,Ifakara_huts,42.06349206,13.1344348,-88.55633803,37.68660134,sumishield,2.1,2.1,126,4,79,16,179,71,121,17
215,UNPUBLISHED_Sarah_Moore,Anopheles_arabiensis,Sumishield,,Ifakara,Tanzania,Ifakara_huts,58.92857143,9.454645108,-417.3913043,8.729472774,sumishield,2.133333333,2.133333333,112,21,71,24,178,46,119,51
216,UNPUBLISHED_Sarah_Moore,Anopheles_arabiensis,Sumishield,,Ifakara,Tanzania,Ifakara_huts,-20.30075188,17.24207146,-107.0512821,36.77016788,sumishield,2.233333333,2.233333333,133,6,86,26,106,42,75,17
217,UNPUBLISHED_Sarah_Moore,Anopheles_arabiensis,Sumishield,,Ifakara,Tanzania,Ifakara_huts,-5.34351145,-5.64516129,-235.0383632,11.13958396,sumishield,2.266666667,2.266666667,131,24,98,23,124,34,91,20
218,UNPUBLISHED_Sarah_Moore,Anopheles_arabiensis,Sumishield,,Ifakara,Tanzania,Ifakara_huts,-34.58646617,-46.07918263,-309.5307918,33.63628263,sumishield,2.3,2.3,133,4,88,22,87,31,44,21
219,UNPUBLISHED_Sarah_Moore,Anopheles_arabiensis,Sumishield,,Ifakara,Tanzania,Ifakara_huts,25.73529412,3.724222838,-353.3333333,27.26545709,sumishield,2.333333333,2.333333333,136,19,98,15,171,64,125,32
220,UNPUBLISHED_Sarah_Moore,Anopheles_arabiensis,Sumishield,,Ifakara,Tanzania,Ifakara_huts,71.27659574,16.59272405,-315.7248157,10.6203512,sumishield,2.366666667,2.366666667,94,13,59,22,161,37,111,36
221,UNPUBLISHED_Sarah_Moore,Anopheles_arabiensis,Sumishield,,Ifakara,Tanzania,Ifakara_huts,-26.88172043,34.05987395,-215.984556,6.667329094,sumishield,2.466666667,2.466666667,186,38,130,37,136,35,109,22
222,UNPUBLISHED_Sarah_Moore,Anopheles_arabiensis,Sumishield,,Ifakara,Tanzania,Ifakara_huts,-46.75324675,-56.50406504,-370.5555556,7.542213884,sumishield,2.5,2.5,154,24,118,40,82,18,52,22
223,UNPUBLISHED_Sarah_Moore,Anopheles_arabiensis,Sumishield,,Ifakara,Tanzania,Ifakara_huts,-5.555555556,-47.05882353,-2003.896104,3.967168263,sumishield,2.533333333,2.533333333,90,4,72,11,85,7,60,18
224,UNPUBLISHED_Sarah_Moore,Anopheles_arabiensis,Sumishield,,Ifakara,Tanzania,Ifakara_huts,-15.90909091,32.50547845,-62.10526316,20.23731048,sumishield,2.566666667,2.566666667,88,6,51,40,74,19,53,14
225,UNPUBLISHED_Sarah_Moore,Anopheles_arabiensis,Sumishield,,Ifakara,Tanzania,Ifakara_huts,28.68852459,37.8343949,-48.61058241,44.30997877,sumishield,2.6,2.6,122,2,72,37,157,71,117,32
226,UNPUBLISHED_Sarah_Moore,Anopheles_arabiensis,Sumishield,,Ifakara,Tanzania,Ifakara_huts,-28.7037037,22.85714286,-308.5526316,16.93355189,sumishield,2.7,2.7,108,5,68,38,77,16,55,23
227,UNPUBLISHED_Sarah_Moore,Anopheles_arabiensis,Sumishield,,Ifakara,Tanzania,Ifakara_huts,0,40.47619048,-24.03361345,39.74358974,sumishield,2.733333333,2.733333333,82,4,40,34,82,35,57,18
228,UNPUBLISHED_Sarah_Moore,Anopheles_arabiensis,Sumishield,,Ifakara,Tanzania,Ifakara_huts,-34.35114504,-16.05758583,-134.7670251,30.86762075,sumishield,2.766666667,2.766666667,131,1,89,31,86,27,54,15
229,UNPUBLISHED_Sarah_Moore,Anopheles_arabiensis,Sumishield,,Ifakara,Tanzania,Ifakara_huts,-17.07317073,-28.125,-198.1818182,19.09903202,sumishield,2.8,2.8,82,3,50,33,68,15,34,18
230,UNPUBLISHED_Sarah_Moore,Anopheles_arabiensis,Sumishield,,Ifakara,Tanzania,Ifakara_huts,124.0506329,57.91767554,-63.64285714,24.99215317,sumishield,2.833333333,2.833333333,79,7,44,25,177,56,144,29
231,UNPUBLISHED_Sarah_Moore,Anopheles_arabiensis,Sumishield,,Ifakara,Tanzania,Ifakara_huts,-9.933774834,34.79225023,-250.6685433,12.64597751,sumishield,2.933333333,2.933333333,151,15,88,49,136,29,99,33
232,UNPUBLISHED_Sarah_Moore,Anopheles_arabiensis,Sumishield,,Ifakara,Tanzania,Ifakara_huts,3.676470588,-38.49790871,-129.5,27.8381928,sumishield,2.966666667,2.966666667,136,1,97,40,141,40,85,27
233,UNPUBLISHED_Sarah_Moore,Anopheles_arabiensis,Sumishield,,Ifakara,Tanzania,Ifakara_huts,-12.04819277,-25.66690699,-604.135737,6.767123288,sumishield,3,3,166,16,109,41,146,23,83,40
234,UNPUBLISHED_Sarah_Moore,Anopheles_arabiensis,Sumishield,,Ifakara,Tanzania,Ifakara_huts,-13.63636364,33.52826511,-1.492537313,27.85425101,sumishield,3.033333333,3.033333333,132,2,78,67,114,33,83,17
235,UNPUBLISHED_Sarah_Moore,Anopheles_arabiensis,Sumishield,,Ifakara,Tanzania,Ifakara_huts,40.51724138,1.90681479,-187.2380952,20.26812088,sumishield,3.066666667,3.066666667,116,8,79,50,163,42,112,52
236,UNPUBLISHED_Sarah_Moore,Anopheles_arabiensis,Sumishield,,Ifakara,Tanzania,Ifakara_huts,-4.587155963,48.76068376,-29.76190476,32.18325792,sumishield,3.166666667,3.166666667,109,7,64,42,104,38,82,19
237,UNPUBLISHED_Sarah_Moore,Anopheles_arabiensis,Sumishield,,Ifakara,Tanzania,Ifakara_huts,11.26760563,10.12658228,-548.015873,14.33939873,sumishield,3.2,3.2,71,7,46,28,79,18,54,46
238,UNPUBLISHED_Sarah_Moore,Anopheles_arabiensis,Sumishield,,Ifakara,Tanzania,Ifakara_huts,-6.451612903,-72.67904509,-520,14.84511981,sumishield,3.233333333,3.233333333,62,3,49,20,58,11,37,22
239,UNPUBLISHED_Sarah_Moore,Anopheles_arabiensis,Sumishield,,Ifakara,Tanzania,Ifakara_huts,-13.25301205,-40.89506173,-40.12987013,23.14814815,sumishield,3.266666667,3.266666667,83,8,56,35,72,22,39,13
240,UNPUBLISHED_Sarah_Moore,Anopheles_arabiensis,Sumishield,,Ifakara,Tanzania,Ifakara_huts,36.36363636,1,-103.5714286,26.66666667,sumishield,3.3,3.3,66,4,46,22,90,28,63,19
241,UNPUBLISHED_Sarah_Moore,Anopheles_arabiensis,Sumishield,,Ifakara,Tanzania,Ifakara_huts,15,-0.334448161,-300,30.88071349,sumishield,3.4,3.4,40,1,27,10,46,15,31,15
242,UNPUBLISHED_Sarah_Moore,Anopheles_arabiensis,Sumishield,,Ifakara,Tanzania,Ifakara_huts,-6.493506494,-55.06944444,-1115.789474,17.62387387,sumishield,3.433333333,3.433333333,77,3,57,19,72,15,43,45
243,UNPUBLISHED_Sarah_Moore,Anopheles_arabiensis,Sumishield,,Ifakara,Tanzania,Ifakara_huts,3.278688525,11.5942029,-429.7368421,28.21565408,sumishield,3.466666667,3.466666667,61,3,38,19,63,20,42,33
244,UNPUBLISHED_Sarah_Moore,Anopheles_arabiensis,Sumishield,,Ifakara,Tanzania,Ifakara_huts,17.33333333,38.4469697,-103.2019704,27.97695262,sumishield,3.5,3.5,75,4,39,29,88,28,62,22
245,UNPUBLISHED_Sarah_Moore,Anopheles_arabiensis,Sumishield,,Ifakara,Tanzania,Ifakara_huts,-7.01754386,38.54447439,-141.8181818,15.91766724,sumishield,3.533333333,3.533333333,57,2,29,33,53,10,37,14
246,UNPUBLISHED_Sarah_Moore,Anopheles_arabiensis,Sumishield,,Ifakara,Tanzania,Ifakara_huts,78.94736842,-168.2352941,-283.6538462,9.602076125,sumishield,3.633333333,3.633333333,38,4,33,16,68,13,44,21
247,UNPUBLISHED_Sarah_Moore,Anopheles_arabiensis,Sumishield,,Ifakara,Tanzania,Ifakara_huts,-23.88059701,-48.50809889,-246.9642857,37.3453997,sumishield,3.666666667,3.666666667,67,2,44,28,51,20,25,29
248,UNPUBLISHED_Sarah_Moore,Anopheles_arabiensis,Sumishield,,Ifakara,Tanzania,Ifakara_huts,14,-42.54385965,-378.2608696,12.28070175,sumishield,3.7,3.7,50,3,34,23,57,10,31,22
249,UNPUBLISHED_Sarah_Moore,Anopheles_arabiensis,Sumishield,,Ifakara,Tanzania,Ifakara_huts,23.68421053,26.49903288,-100.9615385,30.37825059,sumishield,3.733333333,3.733333333,38,2,27,13,47,16,37,11
250,UNPUBLISHED_Sarah_Moore,Anopheles_arabiensis,Sumishield,,Ifakara,Tanzania,Ifakara_huts,34.375,48.8372093,#DIV/0!,-1.209302326,sumishield,3.766666667,3.766666667,32,7,16,0,43,9,32,15
251,UNPUBLISHED_Sarah_Moore,Anopheles_arabiensis,Sumishield,,Ifakara,Tanzania,Ifakara_huts,12.79069767,20.67281606,-385.483871,5.798969072,sumishield,3.866666667,3.866666667,86,6,67,31,97,12,80,21
252,UNPUBLISHED_Sarah_Moore,Anopheles_arabiensis,Sumishield,,Ifakara,Tanzania,Ifakara_huts,-11.58536585,14.19738407,-477.1260997,20.89697483,sumishield,3.9,3.9,164,1,106,55,145,31,101,60
253,UNPUBLISHED_Sarah_Moore,Anopheles_arabiensis,Sumishield,,Ifakara,Tanzania,Ifakara_huts,-35.29411765,-17.74891775,-499.1319444,7.814992026,sumishield,3.933333333,3.933333333,119,5,77,64,77,9,45,29
254,UNPUBLISHED_Sarah_Moore,Anopheles_arabiensis,Sumishield,,Ifakara,Tanzania,Ifakara_huts,-30.53892216,-7.436953165,-342.7750773,24.46253725,sumishield,3.966666667,3.966666667,167,5,100,73,116,31,66,60
255,UNPUBLISHED_Sarah_Moore,Anopheles_arabiensis,Sumishield,,Ifakara,Tanzania,Ifakara_huts,18.27956989,-14.38502674,-221.7297297,18.33677686,sumishield,4,4,93,5,59,37,110,25,64,32
256,UNPUBLISHED_Sarah_Moore,Anopheles_arabiensis,Sumishield,,Ifakara,Tanzania,Ifakara_huts,12.30769231,42.55413168,-113.5714286,14.19676214,sumishield,4.1,4.1,65,10,34,35,73,20,53,23
257,UNPUBLISHED_Sarah_Moore,Anopheles_arabiensis,Sumishield,,Ifakara,Tanzania,Ifakara_huts,44.06779661,4.558823529,-69.95884774,26.80213904,sumishield,4.133333333,4.133333333,59,4,43,27,85,27,63,21
258,UNPUBLISHED_Sarah_Moore,Anopheles_arabiensis,Sumishield,,Ifakara,Tanzania,Ifakara_huts,71.05263158,25.2991453,67.52136752,47.30227519,sumishield,4.166666667,4.166666667,76,5,40,39,130,66,84,11
259,UNPUBLISHED_Sarah_Moore,Anopheles_arabiensis,Sumishield,,Ifakara,Tanzania,Ifakara_huts,36.19047619,7.136980666,-16.22390892,39.92371265,sumishield,4.2,4.2,105,6,71,51,143,62,100,35
260,UNPUBLISHED_Sarah_Moore,Anopheles_arabiensis,Sumishield,,Ifakara,Tanzania,Ifakara_huts,15.05376344,26.4557872,-229.8986486,20.50376111,sumishield,4.233333333,4.233333333,93,11,54,37,107,32,74,42
261,UNPUBLISHED_Sarah_Moore,Anopheles_arabiensis,Sumishield,,Ifakara,Tanzania,Ifakara_huts,-4.87804878,29.91452991,-258.3916084,7.657657658,sumishield,4.333333333,4.333333333,82,8,55,44,78,13,60,25
262,UNPUBLISHED_Sarah_Moore,Anopheles_arabiensis,Sumishield,,Ifakara,Tanzania,Ifakara_huts,-20.79207921,5.3125,-89.375,27.11340206,sumishield,4.366666667,4.366666667,101,4,73,40,80,24,59,18
263,UNPUBLISHED_Sarah_Moore,Anopheles_arabiensis,Sumishield,,Ifakara,Tanzania,Ifakara_huts,-7.8125,27.68361582,-182.3529412,18.16830211,sumishield,4.4,4.4,64,7,37,34,59,16,41,24
264,UNPUBLISHED_Sarah_Moore,Anopheles_arabiensis,Sumishield,,Ifakara,Tanzania,Ifakara_huts,-45.12195122,53.27635328,-110.2564103,21.2012012,sumishield,4.433333333,4.433333333,82,8,43,54,45,13,35,18
265,UNPUBLISHED_Sarah_Moore,Anopheles_arabiensis,Sumishield,,Ifakara,Tanzania,Ifakara_huts,23.80952381,39.42307692,-32.890625,47.9791395,sumishield,4.466666667,4.466666667,63,4,27,32,78,40,51,27
266,UNPUBLISHED_Sarah_Moore,Anopheles_arabiensis,Sumishield,,Ifakara,Tanzania,Ifakara_huts,-3.278688525,52.28161669,-49.11111111,38.32887303,sumishield,4.6,4.6,61,4,35,18,59,25,47,11
267,UNPUBLISHED_Sarah_Moore,Anopheles_arabiensis,Sumishield,,Ifakara,Tanzania,Ifakara_huts,11.40350877,15.31718912,-137.5,35.65605184,sumishield,4.633333333,4.633333333,114,1,61,48,127,46,77,46
268,UNPUBLISHED_Sarah_Moore,Anopheles_arabiensis,Sumishield,,Ifakara,Tanzania,Ifakara_huts,23.92638037,4.040674338,-187.0647773,30.47200947,sumishield,4.666666667,4.666666667,163,4,89,76,202,65,114,87
269,UNPUBLISHED_Sarah_Moore,Anopheles_arabiensis,Sumishield,,Ifakara,Tanzania,Ifakara_huts,-13.125,-67.42969261,-642.081448,14.42635365,sumishield,4.7,4.7,160,8,116,68,139,26,75,82
270,UNPUBLISHED_Sarah_Moore,Anopheles_arabiensis,Sumishield,,Ifakara,Tanzania,Ifakara_huts,8.280254777,46.66942833,-269.6870343,30.58439062,sumishield,4.733333333,4.733333333,157,4,86,61,170,55,129,79
271,UNPUBLISHED_Sarah_Moore,Anopheles_arabiensis,Sumishield,,Ifakara,Tanzania,Ifakara_huts,20.3539823,-13.09232026,-370.8333333,19.19859687,sumishield,4.8,4.8,113,4,77,36,136,30,87,45
272,UNPUBLISHED_Sarah_Moore,Anopheles_arabiensis,Sumishield,,Ifakara,Tanzania,Ifakara_huts,-51.61290323,16.53846154,-367.9245283,13.16526611,sumishield,4.833333333,4.833333333,124,5,72,53,60,10,39,20
273,UNPUBLISHED_Sarah_Moore,Anopheles_arabiensis,Sumishield,,Ifakara,Tanzania,Ifakara_huts,4.901960784,-15.39596655,-477.5261324,23.93089776,sumishield,4.866666667,4.866666667,102,3,64,41,107,28,61,65
274,UNPUBLISHED_Sarah_Moore,Anopheles_arabiensis,Sumishield,,Ifakara,Tanzania,Ifakara_huts,-9.183673469,32.97508549,-711.7171717,10.53370787,sumishield,4.9,4.9,98,2,52,45,89,11,61,41
275,UNPUBLISHED_Sarah_Moore,Anopheles_arabiensis,Sumishield,,Ifakara,Tanzania,Ifakara_huts,11.5942029,24.17582418,-150.9090909,21.41858142,sumishield,4.933333333,4.933333333,69,4,30,44,77,20,44,32
276,UNPUBLISHED_Sarah_Moore,Anopheles_arabiensis,Sumishield,,Ifakara,Tanzania,Ifakara_huts,-13.33333333,-76.11336032,-126.1904762,23.07692308,sumishield,5.033333333,5.033333333,60,3,41,36,52,14,23,19
277,UNPUBLISHED_Sarah_Moore,Anopheles_arabiensis,Sumishield,,Ifakara,Tanzania,Ifakara_huts,-15.90909091,-8.426073132,-1097.278912,7.353865493,sumishield,5.066666667,5.066666667,88,2,54,42,74,7,43,40
278,UNPUBLISHED_Sarah_Moore,Anopheles_arabiensis,Sumishield,,Ifakara,Tanzania,Ifakara_huts,-32.23140496,-99.92132179,-1103.826531,7.461761058,sumishield,5.1,5.1,121,3,90,49,82,8,40,39
279,UNPUBLISHED_Sarah_Moore,Anopheles_arabiensis,Sumishield,,Ifakara,Tanzania,Ifakara_huts,-4.794520548,7.863183138,-23.67890278,24.01653146,sumishield,5.133333333,5.133333333,146,5,89,67,139,37,89,21
280,UNPUBLISHED_Sarah_Moore,Anopheles_arabiensis,Sumishield,,Ifakara,Tanzania,Ifakara_huts,27.52808989,24.33727491,-279.0594499,18.37596929,sumishield,5.166666667,5.166666667,178,7,121,69,227,49,172,72
281,UNPUBLISHED_Sarah_Moore,Anopheles_arabiensis,Sumishield,,Ifakara,Tanzania,Ifakara_huts,-48.35164835,17.85944552,-218.1818182,13.94799054,sumishield,5.5,5.5,91,10,58,52,47,11,33,20
282,UNPUBLISHED_Sarah_Moore,Anopheles_arabiensis,Sumishield,,Ifakara,Tanzania,Ifakara_huts,-57.14285714,-3.703703704,-224.0740741,40,sumishield,5.533333333,5.533333333,70,0,25,18,30,12,10,10
283,UNPUBLISHED_Sarah_Moore,Anopheles_arabiensis,Sumishield,,Ifakara,Tanzania,Ifakara_huts,-61.36363636,17.17647059,-1314.285714,0.212615167,sumishield,5.566666667,5.566666667,88,5,38,56,34,2,18,18
284,UNPUBLISHED_Sarah_Moore,Anopheles_arabiensis,Sumishield,,Ifakara,Tanzania,Ifakara_huts,-49.57983193,40.5,-603.7634409,13.54700855,sumishield,5.6,5.6,119,2,59,62,60,9,42,33
285,UNPUBLISHED_Sarah_Moore,Anopheles_arabiensis,Sumishield,,Ifakara,Tanzania,Ifakara_huts,17.82178218,57.56302521,-65.57377049,26.27111451,sumishield,5.633333333,5.633333333,101,2,57,61,119,33,97,33
286,UNPUBLISHED_Sarah_Moore,Anopheles_arabiensis,Sumishield,,Ifakara,Tanzania,Ifakara_huts,95.42857143,31.39901035,-123.2986767,25.19065695,sumishield,5.733333333,5.733333333,175,4,84,115,342,92,220,135
287,UNPUBLISHED_Sarah_Moore,Anopheles_arabiensis,Sumishield,,Ifakara,Tanzania,Ifakara_huts,63.37209302,-27.78922395,-47.86903238,49.35604135,sumishield,5.8,5.8,172,4,115,77,281,142,162,94
288,UNPUBLISHED_Sarah_Moore,Anopheles_arabiensis,Sumishield,,Ifakara,Tanzania,Ifakara_huts,-11.94968553,-11.61330049,-126.6447368,53.40659341,sumishield,5.833333333,5.833333333,159,3,101,48,140,76,83,52
289,UNPUBLISHED_Sarah_Moore,Anopheles_arabiensis,Sumishield,,Ifakara,Tanzania,Ifakara_huts,71.30434783,24.11167513,-126.044226,34.72542686,sumishield,5.866666667,5.866666667,115,5,55,33,197,74,119,48
290,UNPUBLISHED_Sarah_Moore,Anopheles_arabiensis,Sumishield,,Ifakara,Tanzania,Ifakara_huts,43.60902256,13.28657513,-219.7115385,25.54571083,sumishield,5.9,5.9,133,3,80,64,191,52,125,80
291,UNPUBLISHED_Sarah_Moore,Anopheles_arabiensis,Sumishield,,Ifakara,Tanzania,Ifakara_huts,-49.55752212,35.80618212,-211.986532,23.61178175,sumishield,5.966666667,5.966666667,226,8,121,99,114,30,80,41
292,UNPUBLISHED_Sarah_Moore,Anopheles_arabiensis,Sumishield,,Ifakara,Tanzania,Ifakara_huts,42.85714286,-34.90909091,-193.7420179,22.5443787,sumishield,6,6,175,6,120,87,250,63,144,92
293,UNPUBLISHED_Sarah_Moore,Anopheles_arabiensis,Sumishield,,Ifakara,Tanzania,Ifakara_huts,79.61165049,-1.806949807,-251.1363636,28.33823923,sumishield,6.033333333,6.033333333,103,2,68,48,185,55,121,90
294,UNPUBLISHED_Sarah_Moore,Anopheles_arabiensis,Sumishield,,Ifakara,Tanzania,Ifakara_huts,6.989247312,-12.3833453,-239.391771,31.93139611,sumishield,6.066666667,6.066666667,186,2,102,86,199,65,98,102
295,UNPUBLISHED_Sarah_Moore,Anopheles_arabiensis,Sumishield,,Ifakara,Tanzania,Ifakara_huts,8.108108108,-0.208333333,-575.0776398,12.09944751,sumishield,6.1,6.1,185,4,101,92,200,28,109,94
296,UNPUBLISHED_Sarah_Moore,Anopheles_arabiensis,Sumishield,,Ifakara,Tanzania,Ifakara_huts,22.60869565,31.4893617,-143.9886846,28.85931203,sumishield,6.2,6.2,230,3,130,101,282,84,198,90
297,UNPUBLISHED_Sarah_Moore,Anopheles_arabiensis,Sumishield,,Ifakara,Tanzania,Ifakara_huts,42.00743494,-62.78642823,-262.5106112,31.69901193,sumishield,6.233333333,6.233333333,269,3,192,76,382,124,204,127
298,UNPUBLISHED_Sarah_Moore,Anopheles_arabiensis,Sumishield,,Ifakara,Tanzania,Ifakara_huts,4.705882353,-46.28075665,-88.64516129,45.96893326,sumishield,6.266666667,6.266666667,255,4,176,93,267,125,146,86
299,UNPUBLISHED_Sarah_Moore,Anopheles_arabiensis,Sumishield,,Ifakara,Tanzania,Ifakara_huts,44.48529412,19.81047644,-7.966750724,42.23918575,sumishield,6.3,6.3,272,0,127,129,393,166,225,85
300,UNPUBLISHED_Sarah_Moore,Anopheles_arabiensis,Sumishield,,Ifakara,Tanzania,Ifakara_huts,75.33632287,46.68631158,-69.51013514,37.57171494,sumishield,6.333333333,6.333333333,223,1,131,88,391,148,305,99
301,UNPUBLISHED_Sarah_Moore,Anopheles_arabiensis,Sumishield,,Ifakara,Tanzania,Ifakara_huts,24.86187845,3.703118416,-160.7699575,31.92477876,sumishield,6.433333333,6.433333333,181,1,97,58,226,73,125,61
302,UNPUBLISHED_Sarah_Moore,Anopheles_arabiensis,Sumishield,,Ifakara,Tanzania,Ifakara_huts,62.23404255,-76.62042875,-156.5120318,45.57377049,sumishield,6.466666667,6.466666667,188,0,136,58,305,139,156,110
303,UNPUBLISHED_Sarah_Moore,Anopheles_arabiensis,Sumishield,,Ifakara,Tanzania,Ifakara_huts,73.55371901,-19.71957672,-275.8534799,20.35014006,sumishield,6.5,6.5,242,4,152,75,420,91,233,106
304,UNPUBLISHED_Sarah_Moore,Anopheles_arabiensis,Sumishield,,Ifakara,Tanzania,Ifakara_huts,51.2962963,19.47892988,-96.72131148,44.59282987,sumishield,6.533333333,6.533333333,540,2,288,87,817,366,510,116
305,UNPUBLISHED_Sarah_Moore,Anopheles_arabiensis,Sumishield,,Ifakara,Tanzania,Ifakara_huts,19.36416185,12.31315577,-62.82352941,37.04600484,sumishield,6.566666667,6.566666667,346,0,196,100,413,153,256,72
306,UNPUBLISHED_Sarah_Moore,Anopheles_arabiensis,Sumishield,,Ifakara,Tanzania,Ifakara_huts,10.94527363,29.18001281,-145.1219512,17.5654055,sumishield,6.666666667,6.666666667,201,2,103,72,223,41,146,36
307,UNPUBLISHED_Sarah_Moore,Anopheles_arabiensis,Sumishield,,Ifakara,Tanzania,Ifakara_huts,59.21052632,31.53719008,-24.54268293,33.00275482,sumishield,6.7,6.7,228,3,128,128,363,123,254,86
308,UNPUBLISHED_Sarah_Moore,Anopheles_arabiensis,Sumishield,,Ifakara,Tanzania,Ifakara_huts,73.02325581,-25,-526.1403509,14.53906131,sumishield,6.733333333,6.733333333,215,4,129,95,372,60,186,166
309,UNPUBLISHED_Sarah_Moore,Anopheles_arabiensis,Sumishield,,Ifakara,Tanzania,Ifakara_huts,54.54545455,34.68368479,-76.78571429,23.52941176,sumishield,6.766666667,6.766666667,209,0,103,98,323,76,216,63
310,UNPUBLISHED_Sarah_Moore,Anopheles_arabiensis,Sumishield,,Ifakara,Tanzania,Ifakara_huts,23.62637363,31.55555556,-293.7610063,23.55555556,sumishield,6.8,6.8,182,0,104,75,225,53,159,86
311,UNPUBLISHED_Sarah_Moore,Anopheles_arabiensis,Sumishield,,Ifakara,Tanzania,Ifakara_huts,10.3626943,30.78377673,-56.57848325,28.46553002,sumishield,6.9,6.9,193,3,121,90,213,63,158,46
312,UNPUBLISHED_Sarah_Moore,Anopheles_arabiensis,Sumishield,,Ifakara,Tanzania,Ifakara_huts,79.50310559,23.28549549,-120.6504065,31.66320646,sumishield,6.933333333,6.933333333,161,11,100,41,289,105,205,59
313,UNPUBLISHED_Sarah_Moore,Anopheles_arabiensis,Sumishield,,Ifakara,Tanzania,Ifakara_huts,415.3846154,15.45842217,-222.875817,5.410447761,sumishield,6.966666667,6.966666667,26,2,12,18,134,17,73,38
314,UNPUBLISHED_Sarah_Moore,Anopheles_arabiensis,Sumishield,,Ifakara,Tanzania,Ifakara_huts,42.40506329,0.264090177,-575.2136752,14.07017544,sumishield,7,7,158,6,89,48,225,39,127,80
315,UNPUBLISHED_Sarah_Moore,Anopheles_arabiensis,Sumishield,,Ifakara,Tanzania,Ifakara_huts,33.75,17.89052069,-149.550706,22.97776345,sumishield,7.033333333,7.033333333,240,8,128,95,321,82,198,81
316,UNPUBLISHED_Sarah_Moore,Anopheles_arabiensis,Sumishield,,Ifakara,Tanzania,Ifakara_huts,35.55555556,-80.05001389,-265.9119898,19.18777943,sumishield,7.133333333,7.133333333,225,5,166,49,305,64,161,51
317,UNPUBLISHED_Sarah_Moore,Anopheles_arabiensis,Sumishield,,Ifakara,Tanzania,Ifakara_huts,108.7209302,26.90522106,-140.5270943,30.91922006,sumishield,7.166666667,7.166666667,172,0,94,67,359,111,240,104
318,UNPUBLISHED_Sarah_Moore,Anopheles_arabiensis,Sumishield,,Ifakara,Tanzania,Ifakara_huts,81.45695364,43.35969181,0.858585859,39.41605839,sumishield,7.2,7.2,151,0,79,55,274,108,200,39
319,UNPUBLISHED_Sarah_Moore,Anopheles_arabiensis,Sumishield,,Ifakara,Tanzania,Ifakara_huts,53.50318471,46.69935873,-195.4991817,20.0490381,sumishield,7.233333333,7.233333333,157,3,69,47,241,52,169,46
320,UNPUBLISHED_Sarah_Moore,Anopheles_arabiensis,Sumishield,,Ifakara,Tanzania,Ifakara_huts,95.8974359,2.938573851,-74.61832061,32.91713495,sumishield,7.266666667,7.266666667,195,4,124,52,382,131,247,61
321,UNPUBLISHED_Sarah_Moore,Anopheles_arabiensis,Sumishield,,Ifakara,Tanzania,Ifakara_huts,37.5,14.15797317,-135.6241234,20.7523511,sumishield,7.366666667,7.366666667,160,15,99,23,220,62,148,21
322,UNPUBLISHED_Sarah_Moore,Anopheles_arabiensis,Sumishield,,Ifakara,Tanzania,Ifakara_huts,52.97297297,8.638085913,-119.0082645,34.62897527,sumishield,7.4,7.4,185,23,102,37,283,121,167,53
323,UNPUBLISHED_Sarah_Moore,Anopheles_arabiensis,Sumishield,,Ifakara,Tanzania,Ifakara_huts,104.3103448,-21.13924051,-471.0769231,21.09704641,sumishield,7.433333333,7.433333333,116,0,76,26,237,50,138,64
324,UNPUBLISHED_Sarah_Moore,Anopheles_arabiensis,Sumishield,,Ifakara,Tanzania,Ifakara_huts,126.7605634,-18.57832988,-243.7894737,27.98158988,sumishield,7.5,7.5,142,3,97,50,322,95,201,115
325,UNPUBLISHED_Sarah_Moore,Anopheles_arabiensis,Sumishield,,Ifakara,Tanzania,Ifakara_huts,-16.66666667,48.57142857,-131.5789474,33.57142857,sumishield,7.6,7.6,60,4,32,15,50,19,38,11
326,UNPUBLISHED_Sarah_Moore,Anopheles_arabiensis,Sumishield,,Ifakara,Tanzania,Ifakara_huts,72.72727273,7.894736842,-170.1754386,35.29411765,sumishield,7.633333333,7.633333333,88,3,44,24,152,57,82,42
327,UNPUBLISHED_Sarah_Moore,Anopheles_arabiensis,Sumishield,,Ifakara,Tanzania,Ifakara_huts,49.29577465,33.01886792,-43.36538462,34.01858631,sumishield,7.666666667,7.666666667,71,4,45,26,106,40,80,21
328,UNPUBLISHED_Sarah_Moore,Anopheles_arabiensis,Sumishield,,Ifakara,Tanzania,Ifakara_huts,70.76923077,3.153153153,-276.3157895,18.01801802,sumishield,7.7,7.7,65,0,39,19,111,20,68,22
329,UNPUBLISHED_Sarah_Moore,Anopheles_arabiensis,Sumishield,,Ifakara,Tanzania,Ifakara_huts,-5.194805195,45.66210046,-285.9649123,19.33924255,sumishield,7.733333333,7.733333333,77,9,44,19,73,21,56,20
330,UNPUBLISHED_PieMullerCDIvoire,Anophelesgambiae,S50wg,0.5,WestAfrica,Benin,cement,-64.89361702,-0.792540793,-526.6666667,10.88539021,sumishield,1,1,1692,108,522,1269,594,405,180,423
331,UNPUBLISHED_PieMullerCDIvoire,Anophelesgambiae,S50wg,0.5,WestAfrica,Benin,cement,-79.29515419,-1.679731243,-530.5555556,16.57640232,sumishield,2,2,2043,63,675,1260,423,243,135,315
332,UNPUBLISHED_PieMullerCDIvoire,Anophelesgambiae,S50wg,0.5,WestAfrica,Benin,cement,-80,-16.82242991,-683.6734694,10,sumishield,3,3,1440,90,477,882,288,171,63,216
333,UNPUBLISHED_PieMullerCDIvoire,Anophelesgambiae,S50wg,0.5,WestAfrica,Benin,cement,-54.48275862,10.12396694,-554.5138889,14.03162055,sumishield,4,4,1305,63,315,864,594,207,189,468
334,UNPUBLISHED_PieMullerCDIvoire,Anophelesgambiae,S50wg,0.5,WestAfrica,Benin,cement,2.167182663,6.949313765,-432.8654971,16.49715909,sumishield,5,5,2907,72,900,2565,2970,945,1062,2412
335,UNPUBLISHED_PieMullerCDIvoire,Anophelesgambiae,S50wg,0.5,WestAfrica,Benin,cement,30.23255814,8.433035714,-479.4718523,14.99222193,sumishield,6,6,5031,135,1431,4032,6552,2592,2259,4932
336,UNPUBLISHED_PieMullerCDIvoire,Anophelesgambiae,S50wg,0.5,WestAfrica,Benin,cement,-5.235602094,7.808604424,-727.7559607,12.70718232,sumishield,7,7,3438,27,945,2790,3258,702,1080,2781
337,UNPUBLISHED_PieMullerCDIvoire,Anophelesgambiae,S50wg,0.5,WestAfrica,Benin,cement,-2.791461412,5.515992611,-6996.129838,1.032746856,sumishield,8,8,5481,27,1728,4806,5328,1125,1881,5040
338,UNPUBLISHED_PieMullerCDIvoire,Anophelesgambiae,S50wg,0.5,WestAfrica,Benin,cement,-15.33442088,-2.754433193,-58088.90977,0.192678227,sumishield,9,9,5517,0,1710,4788,4671,684,1359,4545
339,UNPUBLISHED_PieMullerCDIvoire,Anophelesgambiae,S50wg,0.5,WestAfrica,Benin,cement,-21.32352941,7.960038672,#DIV/0!,0,sumishield,10,10,3672,9,801,3267,2889,324,810,2772
340,UNPUBLISHED_PieMullerCDIvoire,Anophelesgambiae,S50wg,0.5,WestAfrica,Benin,cement,-17.79661017,2.405498282,#DIV/0!,0,sumishield,11,11,2124,27,531,1989,1746,279,468,1710
341,UNPUBLISHED_PieMullerCDIvoire,Anophelesgambiae,S50wg,0.5,WestAfrica,Benin,cement,-50,25.49019608,#DIV/0!,0,sumishield,12,12,1818,0,441,1647,909,81,396,864
342,Ngufor_2017_PLoSOne,Anophelesgambiae,Sumishield,0.2,WestAfrica,Benin,concrete,70.02487562,-37.62499594,-21.88386431,44.47545767,sumishield,0.25,0.25,804,83,421,531,241,121,83,194
343,Ngufor_2017_PLoSOne,Anophelesgambiae,Sumishield,0.2,WestAfrica,Benin,concrete,74.65116279,-50.65019779,26.91510602,43.71900674,sumishield,0.5,0.5,1720,227,848,1452,436,223,103,269
344,Ngufor_2017_PLoSOne,Anophelesgambiae,Sumishield,0.2,WestAfrica,Benin,concrete,51.20772947,-57.43042759,17.11003406,43.41315063,sumishield,0.75,0.75,1242,83,608,811,606,286,119,328
345,Ngufor_2017_PLoSOne,Anophelesgambiae,Sumishield,0.2,WestAfrica,Benin,concrete,62.91161179,-34.81308411,-5.633468567,50.24899686,sumishield,1,1,1154,43,562,827,428,223,132,324
346,Ngufor_2017_PLoSOne,Anophelesgambiae,Sumishield,0.2,WestAfrica,Benin,concrete,39.35617861,-42.41127024,34.68009496,48.65579462,sumishield,1.25,1.25,963,22,413,929,584,291,109,368
347,Ngufor_2017_PLoSOne,Anophelesgambiae,Sumishield,0.2,WestAfrica,Benin,concrete,-4.126547455,-78.56877477,33.59728251,49.00571195,sumishield,1.5,1.5,727,17,407,700,757,380,162,484
348,Ngufor_2017_PLoSOne,Anophelesgambiae,Sumishield,0.2,WestAfrica,Benin,concrete,-9.016393443,-56.39097744,28.22033762,50.47387376,sumishield,1.75,1.75,488,12,244,469,532,275,116,367
349,Ngufor_2017_PLoSOne,Anophelesgambiae,Sumishield,0.2,WestAfrica,Benin,concrete,14.63414634,-3.490870032,22.24137931,47.31843575,sumishield,2,2,369,11,103,348,315,154,80,231
350,Ngufor_2017_PLoSOne,Anophelesgambiae,Sumishield,0.2,WestAfrica,Benin,concrete,55.35248042,-27.28186104,21.20490515,45.56993041,sumishield,2.25,2.25,383,25,156,361,171,84,42,127
351,Ngufor_2017_PLoSOne,Anophelesgambiae,Sumishield,0.2,WestAfrica,Benin,concrete,61.29032258,-13.13868613,52.42812743,45.91543514,sumishield,2.5,2.5,434,28,160,429,168,83,48,79
352,Ngufor_2017_PLoSOne,Anophelesgambiae,Sumishield,0.2,WestAfrica,Benin,concrete,65.98465473,-29.98508668,48.209903,45.12280702,sumishield,2.75,2.75,391,16,149,386,133,63,26,68
353,Ngufor_2017_PLoSOne,Anophelesgambiae,Sumishield,0.2,WestAfrica,Benin,concrete,62.24256293,-23.97163121,30.79968329,49.04340315,sumishield,3,3,437,16,155,421,165,84,33,110
354,Ngufor_2017_PLoSOne,Anophelesgambiae,Sumishield,0.2,WestAfrica,Benin,concrete,85.95041322,-37.15067422,37.70111984,47.50542299,sumishield,3.25,3.25,484,23,183,457,68,34,10,40
355,Ngufor_2017_PLoSOne,Anophelesgambiae,Sumishield,0.2,WestAfrica,Benin,concrete,83.03571429,1.297429621,16.82273168,48.15703755,sumishield,3.5,3.5,336,29,121,326,57,30,21,46
356,Ngufor_2017_PLoSOne,Anophelesgambiae,Sumishield,0.2,WestAfrica,Benin,concrete,91.19496855,-18.54256854,19.07024092,45.79545455,sumishield,3.75,3.75,477,37,180,421,42,21,11,30
357,Ngufor_2017_PLoSOne,Anophelesgambiae,Sumishield,0.2,WestAfrica,Benin,concrete,90.97222222,-8.597285068,30.06993007,41.40670413,sumishield,4,4,432,35,126,396,39,18,9,25
358,Ngufor_2017_PLoSOne,Anophelesgambiae,Sumishield,0.2,WestAfrica,Benin,concrete,92.90187891,-19.79791917,16.60241264,27.51019871,sumishield,4.25,4.25,479,32,185,473,34,11,9,28
359,Ngufor_2017_PLoSOne,Anophelesgambiae,Sumishield,0.2,WestAfrica,Benin,concrete,92.3553719,-6.177606178,18.41906423,27.82851817,sumishield,4.5,4.5,484,49,176,465,37,13,12,29
360,Ngufor_2017_PLoSOne,Anophelesgambiae,Sumishield,0.2,WestAfrica,Benin,concrete,97.72256729,-19.88830282,50.77456176,39.01515152,sumishield,4.75,4.75,483,51,190,446,11,5,3,5
361,Ngufor_2017_PLoSOne,Anophelesgambiae,Sumishield,0.2,WestAfrica,Benin,concrete,91.27272727,-13.91325536,17.5,41.35498688,sumishield,5,5,275,21,104,250,24,11,7,18
362,Ngufor_2017_PLoSOne,Anophelesgambiae,Sumishield,0.2,WestAfrica,Benin,concrete,82.4137931,-20.79650513,22.66666667,36.05795732,sumishield,5.25,5.25,290,41,97,250,51,23,10,34
363,Ngufor_2017_PLoSOne,Anophelesgambiae,Sumishield,0.2,WestAfrica,Benin,concrete,83.09178744,-23.78737542,12.26059655,32.23214286,sumishield,5.5,5.5,207,15,78,182,35,13,8,27
364,Ngufor_2017_PLoSOne,Anophelesgambiae,Sumishield,0.2,WestAfrica,Benin,concrete,41.73228346,-32.517961,8.167377904,43.77912395,sumishield,5.75,5.75,127,11,48,114,74,36,13,61
365,Ngufor_2017_PLoSOne,Anophelesgambiae,Sumishield,0.2,WestAfrica,Benin,concrete,-46.03174603,-10.23329799,8.889093589,44.53826806,sumishield,6,6,126,5,44,118,184,86,52,157
366,Ngufor_2017_PLoSOne,Anophelesgambiae,Sumishield,0.2,WestAfrica,Benin,concrete,-74.13793103,-23.55235524,22.06506365,32.31966054,sumishield,6.25,6.25,58,2,25,56,101,35,30,76
367,Ngufor_2017_PLoSOne,Anophelesgambiae,Sumishield,0.2,WestAfrica,Benin,concrete,-101.9607843,7.009235141,24.73786408,39.36992273,sumishield,6.5,6.5,51,2,10,50,103,43,26,76
368,Ngufor_2017_PLoSOne,Anophelesgambiae,Sumishield,0.2,WestAfrica,Benin,concrete,-4.761904762,-3.877005348,17.10526316,39.46784922,sumishield,6.75,6.75,42,1,8,38,44,18,7,33
369,Ngufor_2017_PLoSOne,Anophelesgambiae,Sumishield,0.2,WestAfrica,Benin,concrete,-138.7096774,-0.766983199,7.837837838,38.19229065,sumishield,7,7,62,1,25,60,148,58,59,132
370,Ngufor_2017_PLoSOne,Anophelesgambiae,Sumishield,0.2,WestAfrica,Benin,concrete,-251.3513514,6.952662722,20.76923077,45.38461538,sumishield,7.25,7.25,37,0,11,37,130,59,45,103
371,Ngufor_2017_PLoSOne,Anophelesgambiae,Sumishield,0.2,WestAfrica,Benin,concrete,-108.3333333,8.363636364,10.46153846,46.30508475,sumishield,7.5,7.5,60,1,16,52,125,59,41,97
372,Ngufor_2017_PLoSOne,Anophelesgambiae,Sumishield,0.2,WestAfrica,Benin,concrete,-1182.051282,-1.92,20.52432432,43.34736842,sumishield,7.75,7.75,39,1,9,37,500,224,108,377
373,Ngufor_2017_PLoSOne,Anophelesgambiae,Sumishield,0.2,WestAfrica,Benin,concrete,-5337.5,-25.6091954,6.631299735,45.51724138,sumishield,8,8,16,0,6,13,870,396,187,660
374,Ngufor_2017_PLoSOne,Anophelesgambiae,Sumishield,0.2,WestAfrica,Benin,concrete,-2031.034483,-19.53670584,36.98566805,51.61812298,sumishield,8.25,8.25,29,0,10,28,618,319,134,376
375,Ngufor_2017_PLoSOne,Anophelesgambiae,Sumishield,0.2,WestAfrica,Benin,concrete,-961.3636364,-0.948302233,22.48394004,50.10706638,sumishield,8.5,8.5,44,0,16,44,467,234,167,362
376,Agossa_2018ParaVec,Anophelesgambiae,Sumishield,0.5,WestAfrica,Benin,cement,-24.10032715,2.186666667,0.336819295,66.09195402,sumishield,1,0,917,0,292,854,696,460,232,646
377,Agossa_2018ParaVec,Anophelesgambiae,Sumishield,0.5,WestAfrica,Benin,cement,-25.34775889,2.538610345,2.114477144,78.05383023,sumishield,2,2,1294,0,380,1207,966,754,301,882
378,Agossa_2018ParaVec,Anophelesgambiae,Sumishield,0.5,WestAfrica,Benin,cement,-12.5,2.527472527,-2.446592672,69.99154691,sumishield,3,3,1352,0,312,1197,1183,828,296,1073
379,Agossa_2018ParaVec,Anophelesgambiae,Sumishield,0.5,WestAfrica,Benin,cement,-11.75166297,-1.731500955,-3.666752253,82.03517588,sumishield,4,4,902,0,276,822,796,653,234,752
380,Agossa_2018ParaVec,Anophelesgambiae,Sumishield,0.5,WestAfrica,Benin,cement,-9.865470852,0.52564319,-2.572045433,72.01492537,sumishield,5,5,892,0,273,848,804,579,249,784
381,Agossa_2018ParaVec,Anophelesgambiae,Sumishield,0.5,WestAfrica,Benin,cement,-1.949541284,-5.790137147,-0.88240682,70.99415205,sumishield,6,6,872,0,255,830,855,607,215,821
382,Agossa_2018ParaVec,Anophelesgambiae,Sumishield,0.5,WestAfrica,Benin,cement,-6.773618538,3.791072512,-3.416275201,66.06118547,sumishield,7,7,1122,0,375,1031,1046,691,376,994
383,Agossa_2018ParaVec,Anophelesgambiae,Sumishield,0.5,WestAfrica,Benin,cement,-2.146263911,14.42438337,9.944242182,58.0016247,sumishield,8,8,1258,0,354,1204,1231,714,474,1061
