,Study,Mosquito,Insecticide,concn,Hut,location,wall_type,Deterrency,Induced_Exophily,Bloodfeeding_inhibition,Insecticide_induced_mortality,insecticide,Months_since_IRS,lp0,time,Ntotalfemalemosq_C,Ntotaldied_C,Nexittraps_C,Nbloodfed_C,Ntotalfemalemosq_IRS,Ntotaldied_IRS,Nexittraps_IRS,Nbloodfed_IRS,P_fed_and_alive,P_fed_and_dead,P_unfed_and_dead,P_unfed_and_alive,P_killed,P_bloodfed,P_other,GROUP
1,Agossa2014,Anophelesgambiae,lambdacyalothrin,0.03,WestAfrica,Benin,cement,-15.78947368,39.68253968,11.84952978,92.04545455,lambdacyalothrin,1,0.920454545,0,152,0,26,145,176,162,88,148,,,,,,,,1
2,Agossa2014,Anophelesgambiae,lambdacyalothrin,0.03,WestAfrica,Benin,cement,-61.64383562,14.01896007,4.153735975,9.322033898,lambdacyalothrin,2,0.920454545,2,73,0,14,71,118,11,36,110,,,,,,,,1
3,Agossa2014,Anophelesgambiae,lambdacyalothrin,0.03,WestAfrica,Benin,cement,38.4057971,8,-3.799421408,3.529411765,lambdacyalothrin,6,0.920454545,6,138,0,18,122,85,3,17,78,,,,,,,,1
4,UNPUBLISHED_Data_Corbel,Anophelesgambiae,deltamethrin,0.025,WestAfrica,Benin,concrete,27.27272727,38.125,2.941176471,79.375,deltamethrin,0.25,0.8125,0,22,2,2,17,16,13,7,12,,,,,,,,2
5,UNPUBLISHED_Data_Corbel,Anophelesgambiae,deltamethrin,0.025,WestAfrica,Benin,concrete,62.5,38.46153846,0,50,deltamethrin,0.5,0.8125,0.5,16,0,3,16,6,3,3,6,,,,,,,,2
6,UNPUBLISHED_Data_Corbel,Anophelesgambiae,deltamethrin,0.025,WestAfrica,Benin,concrete,35.71428571,22.22222222,10.25641026,66.66666667,deltamethrin,0.75,0.8125,0.75,28,0,8,26,18,12,8,15,,,,,,,,2
7,UNPUBLISHED_Data_Corbel,Anophelesgambiae,deltamethrin,0.025,WestAfrica,Benin,concrete,33.33333333,22.4137931,-1.351351351,34.61538462,deltamethrin,1,0.8125,1,39,0,10,37,26,9,11,25,,,,,,,,2
8,UNPUBLISHED_Data_Corbel,Anophelesgambiae,deltamethrin,0.025,WestAfrica,Benin,concrete,11.32075472,21.40554481,4.775413712,25.53191489,deltamethrin,1.25,0.8125,1.25,53,0,20,45,47,12,24,38,,,,,,,,2
9,UNPUBLISHED_Data_Corbel,Anophelesgambiae,deltamethrin,0.025,WestAfrica,Benin,concrete,-1.785714286,44.17862839,14.97975709,36.84210526,deltamethrin,1.5,0.8125,1.5,56,0,12,52,57,21,32,45,,,,,,,,2
10,UNPUBLISHED_Data_Corbel,Anophelesgambiae,deltamethrin,0.025,WestAfrica,Benin,concrete,27.27272727,26.33928571,11.60714286,13.6627907,deltamethrin,1.75,0.8125,1.75,44,1,16,42,32,5,17,27,,,,,,,,2
11,UNPUBLISHED_Data_Corbel,Anophelesgambiae,deltamethrin,0.025,WestAfrica,Benin,concrete,-16.66666667,26.10837438,32.81853282,24.48979592,deltamethrin,2,0.8125,2,42,0,13,37,49,12,24,29,,,,,,,,2
12,UNPUBLISHED_Data_Corbel,Anophelesgambiae,deltamethrin,0.025,WestAfrica,Benin,concrete,59.22330097,6.740442656,20.89093702,26.19047619,deltamethrin,2.25,0.8125,2.25,103,0,32,93,42,11,15,30,,,,,,,,2
13,UNPUBLISHED_Data_Corbel,Anophelesgambiae,deltamethrin,0.025,WestAfrica,Benin,concrete,14.28571429,27.08333333,8.333333333,10.41666667,deltamethrin,2.5,0.8125,2.5,56,0,8,56,48,5,18,44,,,,,,,,2
14,UNPUBLISHED_Data_Corbel,Anophelesgambiae,deltamethrin,0.025,WestAfrica,Benin,concrete,1.923076923,15.88235294,-4.226579521,9.803921569,deltamethrin,2.75,0.8125,2.75,52,0,12,45,51,5,18,46,,,,,,,,2
15,UNPUBLISHED_Data_Corbel,Anophelesgambiae,deltamethrin,0.025,WestAfrica,Benin,concrete,37.95620438,5.652797704,-9.07902555,21.17647059,deltamethrin,3,0.8125,3,137,0,55,99,85,18,37,67,,,,,,,,2
16,UNPUBLISHED_Data_Corbel,Anophelesgambiae,deltamethrin,0.025,WestAfrica,Benin,concrete,-12.28070175,46.5625,3.8125,18.75,deltamethrin,3.25,0.8125,3.25,57,0,7,50,64,12,34,54,,,,,,,,2
17,UNPUBLISHED_Data_Corbel,Anophelesgambiae,deltamethrin,0.025,WestAfrica,Benin,concrete,23.07692308,36.96969697,13.72727273,15.94827586,deltamethrin,3.5,0.8125,3.5,117,1,18,110,90,15,42,73,,,,,,,,2
18,UNPUBLISHED_Data_Corbel,Anophelesgambiae,deltamethrin,0.025,WestAfrica,Benin,concrete,-2.5,31.13342898,-0.062539087,19.51219512,deltamethrin,3.75,0.8125,3.75,40,0,6,39,41,8,17,40,,,,,,,,2
19,UNPUBLISHED_Data_Corbel,Anophelesgambiae,deltamethrin,0.025,WestAfrica,Benin,concrete,0,47.36842105,4.545454545,4.545454545,deltamethrin,4,0.8125,4,22,0,3,22,22,1,12,21,,,,,,,,2
20,UNPUBLISHED_Data_Corbel,Anophelesgambiae,deltamethrin,0.025,WestAfrica,Benin,concrete,37.03703704,47.05882353,17.64705882,11.76470588,deltamethrin,4.25,0.8125,4.25,27,0,6,27,17,2,10,14,,,,,,,,2
21,UNPUBLISHED_Data_Corbel,Anophelesgambiae,deltamethrin,0.025,WestAfrica,Benin,concrete,19.35483871,19.13043478,4,8,deltamethrin,4.5,0.8125,4.5,31,0,8,31,25,2,10,24,,,,,,,,2
22,UNPUBLISHED_Data_Corbel,Anophelesgambiae,deltamethrin,0.025,WestAfrica,Benin,concrete,34.7826087,-20,0,10,deltamethrin,4.75,0.8125,4.75,46,0,23,46,30,3,12,30,,,,,,,,2
23,UNPUBLISHED_Data_Corbel,Anophelesgambiae,deltamethrin,0.025,WestAfrica,Benin,concrete,30.6122449,3.921568627,0,6.924019608,deltamethrin,5,0.8125,5,49,1,19,49,34,3,14,34,,,,,,,,2
24,UNPUBLISHED_Data_Corbel,Anophelesgambiae,deltamethrin,0.025,WestAfrica,Benin,concrete,36.53846154,6.439393939,0,7.308377897,deltamethrin,5.25,0.8125,5.25,52,1,20,52,33,3,14,33,,,,,,,,2
25,UNPUBLISHED_Data_Corbel,Anophelesgambiae,deltamethrin,0.025,WestAfrica,Benin,concrete,36.36363636,-23.46938776,2.857142857,6.878306878,deltamethrin,5.5,0.8125,5.5,55,1,27,55,35,3,13,34,,,,,,,,2
26,UNPUBLISHED_Data_Corbel,Anophelesgambiae,deltamethrin,0.025,WestAfrica,Benin,concrete,27.27272727,-23.75,2.5,3.240740741,deltamethrin,5.75,0.8125,5.75,55,1,25,55,40,2,13,39,,,,,,,,2
27,UNPUBLISHED_Data_Corbel,Anophelesgambiae,deltamethrin,0.025,WestAfrica,Benin,concrete,10.71428571,-27.44827586,6.327272727,8.363636364,deltamethrin,6,0.8125,6,56,1,27,55,50,5,17,46,,,,,,,,2
28,UNPUBLISHED_Data_Corbel,Anophelesgambiae,deltamethrin,0.025,WestAfrica,Benin,concrete,-1.694915254,1.666666667,5.057471264,5.057471264,deltamethrin,6.25,0.8125,6.25,59,1,23,58,60,4,24,56,,,,,,,,2
29,UNPUBLISHED_Data_Corbel,Anophelesgambiae,deltamethrin,0.025,WestAfrica,Benin,concrete,-7.407407407,1.253918495,5.139882889,3.383214053,deltamethrin,6.5,0.8125,6.5,54,1,21,53,58,3,23,54,,,,,,,,2
30,UNPUBLISHED_Data_Corbel,Anophelesgambiae,deltamethrin,0.025,WestAfrica,Benin,concrete,-6,-15.30398323,5.660377358,5.660377358,deltamethrin,6.75,0.8125,6.75,50,0,23,49,53,3,20,49,,,,,,,,2
31,UNPUBLISHED_Data_Corbel,Anophelesgambiae,deltamethrin,0.025,WestAfrica,Benin,concrete,15.49295775,7.391304348,5.333333333,5,deltamethrin,7,0.8125,7,71,0,25,70,60,3,24,56,,,,,,,,2
32,UNPUBLISHED_Data_Corbel,Anophelesgambiae,deltamethrin,0.025,WestAfrica,Benin,concrete,9.722222222,11.83673469,4.832069339,6.153846154,deltamethrin,7.25,0.8125,7.25,72,0,23,71,65,4,26,61,,,,,,,,2
33,UNPUBLISHED_Data_Corbel,Anophelesgambiae,deltamethrin,0.025,WestAfrica,Benin,concrete,21.59090909,18.84057971,4.714309512,5.797101449,deltamethrin,7.5,0.8125,7.5,88,0,33,87,69,4,34,65,,,,,,,,2
34,UNPUBLISHED_Data_Corbel,Anophelesgambiae,deltamethrin,0.025,WestAfrica,Benin,concrete,26.80412371,21.93158954,2.816901408,1.408450704,deltamethrin,7.75,0.8125,7.75,97,0,34,97,71,1,35,69,,,,,,,,2
35,UNPUBLISHED_Data_Corbel,Anophelesgambiae,deltamethrin,0.025,WestAfrica,Benin,concrete,42.34234234,16.75,3.125,1.5625,deltamethrin,8,0.8125,8,111,0,36,111,64,1,28,62,,,,,,,,2
36,UNPUBLISHED_Data_Corbel,Anophelesgambiae,deltamethrin,0.025,WestAfrica,Benin,concrete,42.30769231,31.02040816,1.145833333,1.333333333,deltamethrin,8.25,0.8125,8.25,130,0,32,128,75,1,36,73,,,,,,,,2
37,UNPUBLISHED_Data_Corbel,Anophelesgambiae,deltamethrin,0.025,WestAfrica,Benin,concrete,34.4,26.29321898,0.852667063,1.219512195,deltamethrin,8.5,0.8125,8.5,125,0,34,123,82,1,38,80,,,,,,,,2
38,UNPUBLISHED_Data_Corbel,Anophelesgambiae,deltamethrin,0.025,WestAfrica,Benin,concrete,24.07407407,29.97838839,1.840773125,1.219512195,deltamethrin,8.75,0.8125,8.75,108,0,29,106,82,1,40,79,,,,,,,,2
39,UNPUBLISHED_Data_Corbel,Anophelesgambiae,deltamethrin,0.025,WestAfrica,Benin,concrete,33.06451613,31.39906565,0.809796563,0,deltamethrin,9,0.8125,9,124,0,26,122,83,0,38,81,,,,,,,,2
40,UNPUBLISHED_Data_Corbel,Anophelesgambiae,deltamethrin,0.025,WestAfrica,Benin,concrete,36.44067797,29.9009901,0.127536232,0,deltamethrin,9.25,0.8125,9.25,118,0,17,115,75,0,30,73,,,,,,,,2
41,UNPUBLISHED_Data_Corbel,Anophelesgambiae,deltamethrin,0.025,WestAfrica,Benin,concrete,39.66942149,24.17662489,-1.137682842,0,deltamethrin,9.5,0.8125,9.5,121,0,27,118,73,0,30,72,,,,,,,,2
42,UNPUBLISHED_Data_Corbel,Anophelesgambiae,deltamethrin,0.025,WestAfrica,Benin,concrete,30.55555556,22.85714286,-1.485714286,0,deltamethrin,9.75,0.8125,9.75,108,0,24,105,75,0,30,74,,,,,,,,2
197,Agossa2015PLoSOne,Anophelesgambiae,alphacypermethrin,0.03,WestAfrica,Benin,cement,15.90909091,37.70913771,11.50219987,10.81081081,alphacypermethrin,1,0.108108108,0,44,0,2,43,37,4,15,32,246,NA,NA,NA,,0.910107,0.108108108,3
198,Agossa2015PLoSOne,Anophelesgambiae,alphacypermethrin,0.03,WestAfrica,Benin,cement,46.93877551,34.25760286,31.46853147,30.76923077,alphacypermethrin,2,0.108108108,2,49,0,6,33,26,8,11,12,247,NA,NA,NA,,0.90472,0.307692308,3
199,Agossa2015PLoSOne,Anophelesgambiae,alphacypermethrin,0.03,WestAfrica,Benin,cement,38.59649123,29.0523338,15.0310559,24.28571429,alphacypermethrin,3,0.108108108,3,114,0,13,92,70,17,26,48,248,NA,NA,NA,,0.894707,0.242857143,3
200,Agossa2015PLoSOne,Anophelesgambiae,alphacypermethrin,0.03,WestAfrica,Benin,cement,20,22.99107143,-3.155339806,11,alphacypermethrin,4,0.108108108,4,125,0,13,103,100,11,31,85,249,NA,NA,NA,,0.870909,0.11,3
201,Agossa2015PLoSOne,Anophelesgambiae,alphacypermethrin,0.03,WestAfrica,Benin,cement,21.73913043,25.46296296,-5.783242259,6.481481481,alphacypermethrin,5,0.108108108,5,138,0,18,122,108,7,38,101,250,NA,NA,NA,,0.806816,0.064814815,3
202,Agossa2015PLoSOne,Anophelesgambiae,alphacypermethrin,0.03,WestAfrica,Benin,cement,29.41176471,15.96045198,-5.069444444,6.25,alphacypermethrin,6,0.108108108,6,136,0,18,120,96,6,26,89,251,NA,NA,NA,,0.702051267,0.0625,3
236,Tchicaya2014,Anophelesgambiae,lambdacyhalothrin10%CS,0.025,WestAfrica,CoteDIvoire,cement,-41.90687361,51.8031459,23.87990998,45.89006696,lambdacyalothrin,1.5,0.56328125,0,902,174,304,611,1280,721,871,660,92,NA,NA,NA,,0.894707,0.56328125,4
237,Tchicaya2014,Anophelesgambiae,lambdacyhalothrin10%CS,0.025,WestAfrica,CoteDIvoire,cement,7.64552563,31.13801715,14.18039862,9.112802155,lambdacyalothrin,4.5,0.56328125,6,1151,242,456,728,1063,300,621,577,93,NA,NA,NA,,0.702051,0.282220132,4
238,Tchicaya2014,Anophelesgambiae,lambdacyhalothrin10%CS,0.025,WestAfrica,CoteDIvoire,cement,-28.16326531,27.25229684,10.92565903,10.80289245,lambdacyalothrin,9,0.56328125,12,980,93,433,685,1256,242,746,782,94,NA,NA,NA,,0.285591,0.192675159,4
43,Rowland 2013,Anophelesgambiae,lambdacyhalothrin10%CS,,WestAfrica,Benin,cement,-40.2173913,69.15985753,-4.927381271,66.34439509,alphacypermethrin,1,0.674418605,0,736,24,440,696,1032,696,904,1024,0.3127738,0.636333,0.02932255,-0.3697337,0.6656555,0.3127738,0.02157061,5
44,Rowland 2013,Anophelesgambiae,lambdacyhalothrin10%CS,,WestAfrica,Benin,cement,-38.02816901,54.05674465,3.046218487,12.83482143,alphacypermethrin,2,0.674418605,2,568,56,240,544,784,168,576,728,0.6831015,0.2160074,0.06122449,-0.2663122,0.2772319,0.6831015,0.03966657,5
45,Rowland 2013,Anophelesgambiae,lambdacyhalothrin10%CS,,WestAfrica,Benin,cement,12.31884058,43.60185269,11.10841031,17.05484598,alphacypermethrin,3,0.674418605,3,1104,48,376,1088,968,200,608,848,0.7052945,0.2054133,0.01652893,0.119655,0.2219423,0.7052945,0.07276321,5
46,Rowland 2013,Anophelesgambiae,lambdacyhalothrin10%CS,,WestAfrica,Benin,cement,11.8556701,27.71308803,-10.03311492,6.878950749,alphacypermethrin,4,0.674418605,4,1552,168,648,1328,1368,232,792,1288,0.6837822,0.1805694,0.06245855,0.1679629,0.243028,0.6837822,0.07318985,5
47,Rowland 2013,Anophelesgambiae,lambdacyhalothrin10%CS,,WestAfrica,Benin,cement,12.26993865,32.35994774,-0.713669892,6.531468531,alphacypermethrin,5,0.674418605,5,1304,104,576,1168,1144,160,712,1032,0.7138873,0.1505856,0.04054228,0.1855506,0.1911279,0.7138873,0.09498477,5
48,Rowland 2013,Anophelesgambiae,lambdacyhalothrin10%CS,,WestAfrica,Benin,cement,21.13821138,31.86644099,-15.8962421,10.99325932,alphacypermethrin,6,0.674418605,6,984,152,448,744,776,192,488,680,0.5258829,0.2485702,0.06780655,0.3082726,0.3163767,0.5258829,0.15774034,5
49,Rowland 2013,Anophelesgambiae,lambdacyhalothrin10%CS,,WestAfrica,Benin,cement,11.62790698,23.61842105,2.740321879,0.861667443,alphacypermethrin,7,0.674418605,7,1032,128,392,968,912,120,480,832,0.7099859,0.1682271,0.05813953,0.1444308,0.2263666,0.7099859,0.06364749,5
50,Rowland 2013,Anophelesgambiae,lambdacyhalothrin10%CS,,WestAfrica,Benin,cement,28.57142857,-20.90909091,-9.375,9.411764706,alphacypermethrin,8,0.674418605,8,280,8,104,256,200,24,48,200,0.8045714,0.1382857,0,0.3428571,0.1382857,0.8045714,0.05714286,5
51,Rowland 2013,Anophelesgambiae,lambdacyhalothrin10%CS,,WestAfrica,Benin,cement,19.1011236,36.93310658,-4.480820106,-6.442901235,alphacypermethrin,9,0.674418605,9,712,136,320,672,576,80,376,568,0.6883388,0.2645326,0.03604869,0.2133271,0.3005813,0.6883388,0.0110799,5
52,Rowland 2013,Anophelesgambiae,lambdacyhalothrin10%CS,,WestAfrica,Benin,cement,51.47058824,55.55555556,-7.936507937,4.329004329,alphacypermethrin,10,0.674418605,10,544,96,136,504,264,56,176,264,0.6256684,0.3302139,0.01470588,0.5441176,0.3449198,0.6256684,0.02941176,5
53,Rowland 2013,Anophelesgambiae,lambdacyhalothrin10%CS,,WestAfrica,Benin,cement,9.523809524,33.68421053,-32.15102975,-6.507177033,alphacypermethrin,11,0.674418605,11,504,64,184,368,456,32,264,440,0.7405453,0.1324706,0.0459482,0.1378446,0.1784188,0.7405453,0.08103592,5
54,Rowland 2013,Anophelesgambiae,lambdacyhalothrin10%CS,,WestAfrica,Benin,cement,26.44628099,46.50948609,-7.469234885,1.675361156,alphacypermethrin,12,0.674418605,12,968,72,480,840,712,64,520,664,0.7298561,0.1086619,0.03844368,0.3898226,0.1471056,0.7298561,0.12303835,5
203,Agossa2015PLoSOne,Anophelesgambiae,deltamethrin,0.025,WestAfrica,Benin,cement,34.09090909,56.65024631,29.43063352,31.03448276,deltamethrin,1,0.310344828,0,44,0,2,43,29,9,17,20,240,13.63,13.63,84,,0.910107383,0.310344828,6
204,Agossa2015PLoSOne,Anophelesgambiae,deltamethrin,0.025,WestAfrica,Benin,cement,26.53061224,49.35400517,13.38383838,38.88888889,deltamethrin,2,0.310344828,2,49,0,6,33,36,14,20,21,241,NA,NA,NA,,0.904720232,0.388888889,6
205,Agossa2015PLoSOne,Anophelesgambiae,deltamethrin,0.025,WestAfrica,Benin,cement,10.52631579,30.28538148,-5.690537084,35.29411765,deltamethrin,3,0.310344828,3,114,0,13,92,102,36,39,87,242,NA,NA,NA,,0.89470652,0.352941176,6
206,Agossa2015PLoSOne,Anophelesgambiae,deltamethrin,0.025,WestAfrica,Benin,cement,11.2,27.60617761,-4.95932826,21.62162162,deltamethrin,4,0.310344828,4,125,0,13,103,111,24,39,96,243,NA,NA,NA,,0.870908591,0.216216216,6
207,Agossa2015PLoSOne,Anophelesgambiae,deltamethrin,0.025,WestAfrica,Benin,cement,32.60869565,24.56989247,-8.249603384,6.451612903,deltamethrin,5,0.310344828,5,138,0,18,122,93,6,32,89,244,NA,NA,NA,,0.806815962,0.064516129,6
208,Agossa2015PLoSOne,Anophelesgambiae,deltamethrin,0.025,WestAfrica,Benin,cement,26.47058824,12.40677966,-8.8,5,deltamethrin,6,0.310344828,6,136,0,18,120,100,5,24,96,245,NA,NA,NA,,0.702051267,0.05,6
209,Agossa2015PLoSOne,Anophelesgambiae,Lambdacyhalothrin,0.03,WestAfrica,Benin,cement,-36.36363636,54.6031746,28.37209302,15,lambdacyalothrin,1,0.15,0,44,0,2,43,60,9,34,42,234,NA,NA,NA,,0.910107383,0.15,7
210,Agossa2015PLoSOne,Anophelesgambiae,Lambdacyhalothrin,0.03,WestAfrica,Benin,cement,51.02040816,24.03100775,25.75757576,25,lambdacyalothrin,2,0.15,2,49,0,6,33,24,6,8,12,235,NA,NA,NA,,0.904720232,0.25,7
211,Agossa2015PLoSOne,Anophelesgambiae,Lambdacyhalothrin,0.03,WestAfrica,Benin,cement,35.96491228,24.23708124,18.52293032,24.65753425,lambdacyalothrin,3,0.15,3,114,0,13,92,73,18,24,48,236,NA,NA,NA,,0.89470652,0.246575342,7
212,Agossa2015PLoSOne,Anophelesgambiae,Lambdacyhalothrin,0.03,WestAfrica,Benin,cement,16,6.462585034,4.068423486,14.28571429,lambdacyalothrin,4,0.15,4,125,0,13,103,105,15,17,83,237,NA,NA,NA,,0.870908591,0.142857143,7
213,Agossa2015PLoSOne,Anophelesgambiae,Lambdacyhalothrin,0.03,WestAfrica,Benin,cement,27.53623188,21.8,-5.196721311,9,lambdacyalothrin,5,0.15,5,138,0,18,122,100,9,32,93,238,NA,NA,NA,,0.806815962,0.09,7
214,Agossa2015PLoSOne,Anophelesgambiae,Lambdacyhalothrin,0.03,WestAfrica,Benin,cement,18.38235294,6.550618415,-6.186186186,5.405405405,lambdacyalothrin,6,0.15,6,136,0,18,120,111,6,21,104,239,NA,NA,NA,,0.702051267,0.054054054,7
215,Tchicaya2014,Anophelesfunestus,lambdacyhalothrin10%CS,0.025,,,,15.49295775,63.42424242,30.97222222,92.75510204,lambdacyalothrin,1.5,0.95,0,71,22,16,60,60,57,43,35,143,NA,NA,NA,,0.894707,0.95,8
216,Tchicaya2014,Anophelesfunestus,lambdacyhalothrin10%CS,0.025,,,,38.46153846,-26.38888889,83.75,76.78571429,lambdacyalothrin,4.5,0.95,6,13,6,4,10,8,7,1,1,144,NA,NA,NA,,0.702051,0.875,8
217,Tchicaya2014,Anophelesfunestus,lambdacyhalothrin10%CS,0.025,,,,60.78431373,-18.39285714,9.6875,34.76744186,lambdacyalothrin,9,0.95,12,51,8,23,48,20,9,7,17,145,NA,NA,NA,,0.285591,0.45,8
218,Tchicaya2014,Anophelesfunestus,lambdacyhalothrin10%CS,0.025,,,,77.39726027,58.4045584,58.19613457,49.1466388,lambdacyalothrin,1.5,0.696969697,0,146,59,29,127,33,23,22,12,146,NA,NA,NA,,0.894707,0.696969697,9
219,Tchicaya2014,Anophelesfunestus,lambdacyhalothrin10%CS,0.025,,,,70,52.38095238,4.761904762,16.66666667,lambdacyalothrin,4.5,0.696969697,6,10,6,3,7,3,2,2,2,147,NA,NA,NA,,0.702051,0.666666667,9
220,Tchicaya2014,Anophelesfunestus,lambdacyhalothrin10%CS,0.025,,,,74,89.31623932,17.58241758,14.52991453,lambdacyalothrin,9,0.696969697,12,50,14,14,42,13,5,12,9,148,NA,NA,NA,,0.285591,0.384615385,9
221,Tchicaya2014,Anophelesfunestus,lambdacyhalothrin10%CS,0.025,,,,52.94117647,32.57211538,23.5745614,88.06179775,lambdacyalothrin,1.5,0.921875,0,136,47,32,114,64,59,31,41,149,NA,NA,NA,,0.894707,0.921875,10
222,Tchicaya2014,Anophelesfunestus,lambdacyhalothrin10%CS,0.025,,,,82.60869565,100,-9.523809524,-15,lambdacyalothrin,4.5,0.921875,6,23,8,7,21,4,1,4,4,150,NA,NA,NA,,0.702051,0.25,10
223,Tchicaya2014,Anophelesfunestus,lambdacyhalothrin10%CS,0.025,,,,2.631578947,65.76576577,-2.702702703,3.166023166,lambdacyalothrin,9,0.921875,12,38,3,14,32,37,4,29,32,151,NA,NA,NA,,0.285591,0.108108108,10
224,Tchicaya2014,Anophelesfunestus,lambdacyhalothrin10%CS,0.025,,,,47.6744186,22.1399177,23.55555556,77.06666667,lambdacyalothrin,1.5,0.866666667,0,86,36,32,55,45,39,23,22,152,NA,NA,NA,,0.894707,0.866666667,11
225,Tchicaya2014,Anophelesfunestus,lambdacyhalothrin10%CS,0.025,,,,80,100,16.66666667,-66.66666667,lambdacyalothrin,4.5,0.866666667,6,10,4,5,6,2,0,2,1,153,NA,NA,NA,,0.702051,0,11
226,Tchicaya2014,Anophelesfunestus,lambdacyhalothrin10%CS,0.025,,,,-92.30769231,55.42857143,7.555555556,13.33333333,lambdacyalothrin,9,0.866666667,12,13,4,6,9,25,10,19,16,154,NA,NA,NA,,0.285591,0.4,11
227,Tchicaya2014,Anophelesgambiae,lambdacyhalothrin10%CS,0.025,,,,-59.45419103,72.7907789,-7.720408457,60.7484539,lambdacyalothrin,1.5,0.674816626,0,513,88,135,340,818,552,654,584,83,NA,NA,NA,,0.894707,0.674816626,12
228,Tchicaya2014,Anophelesgambiae,lambdacyhalothrin10%CS,0.025,,,,-8.870967742,55.81470684,3.745662874,31.91682911,lambdacyalothrin,4.5,0.674816626,6,620,164,277,459,675,337,510,481,84,NA,NA,NA,,0.702051,0.499259259,12
229,Tchicaya2014,Anophelesgambiae,lambdacyhalothrin10%CS,0.025,,,,12.53968254,56.28269457,7.09382151,14.86984907,lambdacyalothrin,9,0.674816626,12,1260,113,444,1035,1102,248,790,841,85,NA,NA,NA,,0.285591,0.225045372,12
230,Tchicaya2014,Anophelesgambiae,lambdacyhalothrin10%CS,0.025,,,,-8.746355685,59.30748518,23.31375035,57.29962604,lambdacyalothrin,1.5,0.659517426,0,686,139,225,554,746,492,542,462,86,NA,NA,NA,,0.894707,0.659517426,13
231,Tchicaya2014,Anophelesgambiae,lambdacyhalothrin10%CS,0.025,,,,28.66847826,60.55369192,18.37593985,31.50389281,lambdacyalothrin,4.5,0.659517426,6,736,210,242,608,525,268,386,354,87,NA,NA,NA,,0.702051,0.51047619,13
232,Tchicaya2014,Anophelesgambiae,lambdacyhalothrin10%CS,0.025,,,,-19.97918835,33.46333667,16.75549265,18.3491127,lambdacyalothrin,9,0.659517426,12,961,126,490,807,1153,335,777,806,88,NA,NA,NA,,0.285591,0.290546401,13
233,Tchicaya2014,Anophelesgambiae,lambdacyhalothrin10%CS,0.025,,,,23.09278351,48.92563942,7.557582043,45.58928699,lambdacyalothrin,1.5,0.556300268,0,970,179,359,685,746,415,506,487,89,NA,NA,NA,,0.894707,0.556300268,14
234,Tchicaya2014,Anophelesgambiae,lambdacyhalothrin10%CS,0.025,,,,7.73993808,43.21094531,-8.389261745,15.09866973,lambdacyalothrin,4.5,0.556300268,6,646,143,270,441,596,202,399,441,90,NA,NA,NA,,0.702051,0.338926174,14
235,Tchicaya2014,Anophelesgambiae,lambdacyhalothrin10%CS,0.025,,,,4.052780396,45.97085242,10.85945275,8.736524935,lambdacyalothrin,9,0.556300268,12,1061,96,463,843,1018,173,708,721,91,NA,NA,NA,,0.285591,0.169941061,14
189,Ngufor_2016,Anophelesgambiae,alphacypermethrin,,WestAfrica,Benin,cement,1.265822785,96.38278388,-29.71210076,6.50887574,alphacypermethrin,0.25,0.076923077,0,316,4,92,228,312,24,304,292,0.7632075,0.0423751,0.03846154,0.1678027,0.08083664,0.7632075,0.15595586,15
190,Ngufor_2016,Anophelesgambiae,alphacypermethrin,,WestAfrica,Benin,cement,-55.31914894,100,-130.4253785,-2.173913043,alphacypermethrin,0.5,0.076923077,0.5,188,4,76,76,292,0,292,272,0.6342174,0,0.01981929,-0.2378315,0.01981929,0.6342174,0.34596328,15
191,Ngufor_2016,Anophelesgambiae,alphacypermethrin,,WestAfrica,Benin,cement,-7.894736842,100,-60.97560976,-5.555555556,alphacypermethrin,0.75,0.076923077,0.75,152,8,76,76,164,0,164,132,0.487163,0.021181,0.021181,0.21181,0.042362,0.487163,0.47047497,15
192,Ngufor_2016,Anophelesgambiae,alphacypermethrin,,WestAfrica,Benin,cement,-94.73684211,96.33204633,-21.04247104,10.81081081,alphacypermethrin,1,0.076923077,1,76,0,20,56,148,16,144,132,0.6698704,0.08119642,0,-0.7041252,0.08119642,0.6698704,0.24893314,15
193,Ngufor_2016,Anophelesgambiae,alphacypermethrin,,WestAfrica,Benin,cement,-51.85185185,100,-28.24133504,-9.756097561,alphacypermethrin,1.25,0.076923077,1.25,108,12,24,76,164,4,164,148,0.717386,0.08478199,0.03342367,-0.401084,0.11820565,0.717386,0.16440831,15
194,Ngufor_2016,Anophelesgambiae,alphacypermethrin,,WestAfrica,Benin,cement,21.73913043,100,-76.92307692,0,alphacypermethrin,1.5,0.076923077,1.5,92,0,28,52,72,0,72,72,0.826087,0,0,0.3913043,0,0.826087,0.17391304,15
195,Ngufor_2016,Anophelesgambiae,alphacypermethrin,,WestAfrica,Benin,cement,18.96551724,97.3172988,-26.08695652,-4.41898527,alphacypermethrin,1.75,0.076923077,1.75,232,24,48,184,188,12,184,188,0.7747616,0.10454879,0.05172414,0.2586207,0.15627293,0.7747616,0.06896552,15
196,Ngufor_2016,Anophelesgambiae,alphacypermethrin,,WestAfrica,Benin,cement,-147.3684211,100,-32.82674772,-13.69680851,alphacypermethrin,2,0.076923077,2,76,12,16,56,188,8,188,184,0.5918372,0.18083915,0,-1.2362822,0.18083915,0.5918372,0.22732363,15
55,UNPUBLISHED_Sarah_Moore,Anopheles_arabiensis,deltamethrin,,Ifakara,Tanzania,Ifakara_huts,36.06557377,57.06385118,82.62108262,16.46270396,deltamethrin,1.3,0.196581197,0,183,7,132,9,117,23,103,1,,,,,,,,30
56,UNPUBLISHED_Sarah_Moore,Anopheles_arabiensis,deltamethrin,,Ifakara,Tanzania,Ifakara_huts,-9.782608696,33.20132013,100,14.20676951,deltamethrin,1.333333333,0.196581197,1.333333333,92,6,77,2,101,20,90,0,,,,,,,,30
57,UNPUBLISHED_Sarah_Moore,Anopheles_arabiensis,deltamethrin,,Ifakara,Tanzania,Ifakara_huts,52.06185567,-118.5355863,-66.88172043,20.47763322,deltamethrin,1.366666667,0.196581197,1.366666667,194,13,173,5,93,24,71,4,,,,,,,,30
58,UNPUBLISHED_Sarah_Moore,Anopheles_arabiensis,deltamethrin,,Ifakara,Tanzania,Ifakara_huts,31.78294574,2.272727273,37.17532468,29.73328325,deltamethrin,1.4,0.196581197,1.4,129,8,69,7,88,30,48,3,,,,,,,,30
59,UNPUBLISHED_Sarah_Moore,Anopheles_arabiensis,deltamethrin,,Ifakara,Tanzania,Ifakara_huts,-14.28571429,43.61111111,89.0625,15.86538462,deltamethrin,1.433333333,0.196581197,1.433333333,91,13,46,8,104,29,75,1,,,,,,,,30
60,UNPUBLISHED_Sarah_Moore,Anopheles_arabiensis,deltamethrin,,Ifakara,Tanzania,Ifakara_huts,-14.42307692,21.34453782,12.60504202,-6.481213175,deltamethrin,1.533333333,0.196581197,1.533333333,104,17,74,15,119,13,92,15,,,,,,,,30
61,UNPUBLISHED_Sarah_Moore,Anopheles_arabiensis,deltamethrin,,Ifakara,Tanzania,Ifakara_huts,37.5,40.74074074,64.44444444,23.47826087,deltamethrin,1.566666667,0.196581197,1.566666667,96,4,69,9,60,16,50,2,,,,,,,,30
62,UNPUBLISHED_Sarah_Moore,Anopheles_arabiensis,deltamethrin,,Ifakara,Tanzania,Ifakara_huts,7.407407407,-8,100,33.53846154,deltamethrin,1.6,0.196581197,1.6,54,2,40,6,50,18,36,0,,,,,,,,30
63,UNPUBLISHED_Sarah_Moore,Anopheles_arabiensis,deltamethrin,,Ifakara,Tanzania,Ifakara_huts,-46.57534247,21.27965492,18.13084112,12.42851165,deltamethrin,1.633333333,0.196581197,1.633333333,73,6,60,5,107,21,92,6,,,,,,,,30
64,UNPUBLISHED_Sarah_Moore,Anopheles_arabiensis,deltamethrin,,Ifakara,Tanzania,Ifakara_huts,0.833333333,-12.94117647,66.38655462,23.12172394,deltamethrin,1.666666667,0.196581197,1.666666667,120,19,95,9,119,42,91,3,,,,,,,,30
65,UNPUBLISHED_Sarah_Moore,Anopheles_arabiensis,deltamethrin,,Ifakara,Tanzania,Ifakara_huts,55.88235294,-110.4761905,-94.28571429,33.88888889,deltamethrin,1.766666667,0.196581197,1.766666667,102,6,88,7,45,17,32,6,,,,,,,,30
66,UNPUBLISHED_Sarah_Moore,Anopheles_arabiensis,deltamethrin,,Ifakara,Tanzania,Ifakara_huts,-44.18604651,-6.699751861,-28.80184332,10.96338274,deltamethrin,1.8,0.196581197,1.8,86,12,73,7,124,29,104,13,,,,,,,,30
67,UNPUBLISHED_Sarah_Moore,Anopheles_arabiensis,deltamethrin,,Ifakara,Tanzania,Ifakara_huts,-3.846153846,3.703703704,11.72839506,25.41757444,deltamethrin,1.833333333,0.196581197,1.833333333,104,2,85,12,108,29,89,11,,,,,,,,30
68,UNPUBLISHED_Sarah_Moore,Anopheles_arabiensis,deltamethrin,,Ifakara,Tanzania,Ifakara_huts,36.23188406,-77.27272727,63.40909091,16.61255411,deltamethrin,1.866666667,0.196581197,1.866666667,138,12,115,30,88,21,62,7,,,,,,,,30
69,UNPUBLISHED_Sarah_Moore,Anopheles_arabiensis,deltamethrin,,Ifakara,Tanzania,Ifakara_huts,-105.6603774,62.1814475,30.53735256,18.96024465,deltamethrin,1.9,0.196581197,1.9,53,8,26,7,109,34,88,10,,,,,,,,30
70,UNPUBLISHED_Sarah_Moore,Anopheles_arabiensis,deltamethrin,,Ifakara,Tanzania,Ifakara_huts,7.857142857,23.73769118,-35.65891473,-0.634249471,deltamethrin,2,0.196581197,2,140,30,103,12,129,27,103,15,,,,,,,,30
71,UNPUBLISHED_Sarah_Moore,Anopheles_arabiensis,deltamethrin,,Ifakara,Tanzania,Ifakara_huts,32.5,32.42365172,56.6395664,20.47930283,deltamethrin,2.033333333,0.196581197,2.033333333,160,24,103,41,108,35,82,12,,,,,,,,30
72,UNPUBLISHED_Sarah_Moore,Anopheles_arabiensis,deltamethrin,,Ifakara,Tanzania,Ifakara_huts,-33.05785124,39.8757764,31.67701863,7.33281071,deltamethrin,2.066666667,0.196581197,2.066666667,121,18,86,11,161,34,133,10,,,,,,,,30
73,UNPUBLISHED_Sarah_Moore,Anopheles_arabiensis,deltamethrin,,Ifakara,Tanzania,Ifakara_huts,-34.92063492,19.57446809,2.720588235,27.70491803,deltamethrin,2.1,0.196581197,2.1,126,4,79,16,170,51,119,21,,,,,,,,30
74,UNPUBLISHED_Sarah_Moore,Anopheles_arabiensis,deltamethrin,,Ifakara,Tanzania,Ifakara_huts,-31.25,10.80139373,30.15873016,0.366300366,deltamethrin,2.133333333,0.196581197,2.133333333,112,21,71,24,147,28,99,22,,,,,,,,30
75,UNPUBLISHED_Sarah_Moore,Anopheles_arabiensis,deltamethrin,,Ifakara,Tanzania,Ifakara_huts,-30.07518797,50.92854507,31.99199644,30.99085158,deltamethrin,2.233333333,0.196581197,2.233333333,133,6,86,26,173,59,143,23,,,,,,,,30
76,UNPUBLISHED_Sarah_Moore,Anopheles_arabiensis,deltamethrin,,Ifakara,Tanzania,Ifakara_huts,16.03053435,-8.26446281,11.97628458,9.847068819,deltamethrin,2.266666667,0.196581197,2.266666667,131,24,98,23,110,29,80,17,,,,,,,,30
77,UNPUBLISHED_Sarah_Moore,Anopheles_arabiensis,deltamethrin,,Ifakara,Tanzania,Ifakara_huts,34.58646617,-1.915708812,-32.02716823,9.934955003,deltamethrin,2.3,0.196581197,2.3,133,4,88,22,87,11,57,19,,,,,,,,30
78,UNPUBLISHED_Sarah_Moore,Anopheles_arabiensis,deltamethrin,,Ifakara,Tanzania,Ifakara_huts,8.823529412,-64.51612903,-68.17204301,6.258615936,deltamethrin,2.333333333,0.196581197,2.333333333,136,19,98,15,124,24,67,23,,,,,,,,30
79,UNPUBLISHED_Sarah_Moore,Anopheles_arabiensis,deltamethrin,,Ifakara,Tanzania,Ifakara_huts,-77.65957447,30.84687767,51.38813283,12.4417831,deltamethrin,2.366666667,0.196581197,2.366666667,94,13,59,22,167,41,124,19,,,,,,,,30
80,UNPUBLISHED_Sarah_Moore,Anopheles_arabiensis,deltamethrin,,Ifakara,Tanzania,Ifakara_huts,-17.20430108,13.15530799,12.37292338,-12.4163154,deltamethrin,2.466666667,0.196581197,2.466666667,186,38,130,37,218,23,161,38,,,,,,,,30
81,UNPUBLISHED_Sarah_Moore,Anopheles_arabiensis,deltamethrin,,Ifakara,Tanzania,Ifakara_huts,7.792207792,-41.58841941,53.9084507,0.725893824,deltamethrin,2.5,0.196581197,2.5,154,24,118,40,142,23,95,17,,,,,,,,30
82,UNPUBLISHED_Sarah_Moore,Anopheles_arabiensis,deltamethrin,,Ifakara,Tanzania,Ifakara_huts,13.33333333,-47.43589744,-46.85314685,18.15742397,deltamethrin,2.533333333,0.196581197,2.533333333,90,4,72,11,78,17,55,14,,,,,,,,30
83,UNPUBLISHED_Sarah_Moore,Anopheles_arabiensis,deltamethrin,,Ifakara,Tanzania,Ifakara_huts,-13.63636364,40.54054054,58.2,15.2195122,deltamethrin,2.566666667,0.196581197,2.566666667,88,6,51,40,100,21,75,19,,,,,,,,30
84,UNPUBLISHED_Sarah_Moore,Anopheles_arabiensis,deltamethrin,,Ifakara,Tanzania,Ifakara_huts,14.75409836,29.61538462,55.61330561,27.66025641,deltamethrin,2.6,0.196581197,2.6,122,2,72,37,104,30,74,14,,,,,,,,30
85,UNPUBLISHED_Sarah_Moore,Anopheles_arabiensis,deltamethrin,,Ifakara,Tanzania,Ifakara_huts,0,-17.5,15.78947368,21.3592233,deltamethrin,2.7,0.196581197,2.7,108,5,68,38,108,27,61,32,,,,,,,,30
86,UNPUBLISHED_Sarah_Moore,Anopheles_arabiensis,deltamethrin,,Ifakara,Tanzania,Ifakara_huts,-59.75609756,43.36604871,57.65603952,27.77451556,deltamethrin,2.733333333,0.196581197,2.733333333,82,4,40,34,131,41,93,23,,,,,,,,30
87,UNPUBLISHED_Sarah_Moore,Anopheles_arabiensis,deltamethrin,,Ifakara,Tanzania,Ifakara_huts,27.48091603,4.786967419,-37.89473684,34.23481781,deltamethrin,2.766666667,0.196581197,2.766666667,131,1,89,31,95,33,66,31,,,,,,,,30
88,UNPUBLISHED_Sarah_Moore,Anopheles_arabiensis,deltamethrin,,Ifakara,Tanzania,Ifakara_huts,-32.92682927,17.71788991,58.96580484,19.05702009,deltamethrin,2.8,0.196581197,2.8,82,3,50,33,109,24,74,18,,,,,,,,30
89,UNPUBLISHED_Sarah_Moore,Anopheles_arabiensis,deltamethrin,,Ifakara,Tanzania,Ifakara_huts,-79.74683544,53.90342052,66.61971831,21.18544601,deltamethrin,2.833333333,0.196581197,2.833333333,79,7,44,25,142,40,113,15,,,,,,,,30
90,UNPUBLISHED_Sarah_Moore,Anopheles_arabiensis,deltamethrin,,Ifakara,Tanzania,Ifakara_huts,-14.56953642,37.65483072,37.65483072,20.41822509,deltamethrin,2.933333333,0.196581197,2.933333333,151,15,88,49,173,49,128,35,,,,,,,,30
91,UNPUBLISHED_Sarah_Moore,Anopheles_arabiensis,deltamethrin,,Ifakara,Tanzania,Ifakara_huts,1.470588235,45.35017222,72.08955224,44.36705362,deltamethrin,2.966666667,0.196581197,2.966666667,136,1,97,40,134,60,113,11,,,,,,,,30
92,UNPUBLISHED_Sarah_Moore,Anopheles_arabiensis,deltamethrin,,Ifakara,Tanzania,Ifakara_huts,-4.21686747,-9.420951222,64.89496687,11.08285164,deltamethrin,3,0.196581197,3,166,16,109,41,173,34,108,15,,,,,,,,30
93,UNPUBLISHED_Sarah_Moore,Anopheles_arabiensis,deltamethrin,,Ifakara,Tanzania,Ifakara_huts,28.03030303,43.39181287,52.30164965,18.76923077,deltamethrin,3.033333333,0.196581197,3.033333333,132,2,78,67,95,19,73,23,,,,,,,,30
94,UNPUBLISHED_Sarah_Moore,Anopheles_arabiensis,deltamethrin,,Ifakara,Tanzania,Ifakara_huts,-32.75862069,-26.21972622,68.36363636,19.0957191,deltamethrin,3.066666667,0.196581197,3.066666667,116,8,79,50,154,38,92,21,,,,,,,,30
95,UNPUBLISHED_Sarah_Moore,Anopheles_arabiensis,deltamethrin,,Ifakara,Tanzania,Ifakara_huts,-2.752293578,43.76984127,55.97363946,20.80707283,deltamethrin,3.166666667,0.196581197,3.166666667,109,7,64,42,112,29,86,19,,,,,,,,30
96,UNPUBLISHED_Sarah_Moore,Anopheles_arabiensis,deltamethrin,,Ifakara,Tanzania,Ifakara_huts,-69.01408451,19.53333333,42.94642857,12.17447917,deltamethrin,3.2,0.196581197,3.2,71,7,46,28,120,25,86,27,,,,,,,,30
97,UNPUBLISHED_Sarah_Moore,Anopheles_arabiensis,deltamethrin,,Ifakara,Tanzania,Ifakara_huts,-1.612903226,1.587301587,40.95238095,21.60344364,deltamethrin,3.233333333,0.196581197,3.233333333,62,3,49,20,63,16,50,12,,,,,,,,30
98,UNPUBLISHED_Sarah_Moore,Anopheles_arabiensis,deltamethrin,,Ifakara,Tanzania,Ifakara_huts,10.84337349,-66.16616617,51.93050193,22.23423423,deltamethrin,3.266666667,0.196581197,3.266666667,83,8,56,35,74,22,34,15,,,,,,,,30
99,UNPUBLISHED_Sarah_Moore,Anopheles_arabiensis,deltamethrin,,Ifakara,Tanzania,Ifakara_huts,-22.72727273,42.96296296,33.33333333,22.46117085,deltamethrin,3.3,0.196581197,3.3,66,4,46,22,81,22,67,18,,,,,,,,30
100,UNPUBLISHED_Sarah_Moore,Anopheles_arabiensis,deltamethrin,,Ifakara,Tanzania,Ifakara_huts,-67.5,63.26061998,34.32835821,34.17527746,deltamethrin,3.4,0.196581197,3.4,40,1,27,10,67,24,59,11,,,,,,,,30
101,UNPUBLISHED_Sarah_Moore,Anopheles_arabiensis,deltamethrin,,Ifakara,Tanzania,Ifakara_huts,-19.48051948,12.11956522,-10.12585812,15.1733255,deltamethrin,3.433333333,0.196581197,3.433333333,77,3,57,19,92,17,71,25,,,,,,,,30
102,UNPUBLISHED_Sarah_Moore,Anopheles_arabiensis,deltamethrin,,Ifakara,Tanzania,Ifakara_huts,8.196721311,-8.928571429,19.73684211,21.12068966,deltamethrin,3.466666667,0.196581197,3.466666667,61,3,38,19,56,14,33,14,,,,,,,,30
103,UNPUBLISHED_Sarah_Moore,Anopheles_arabiensis,deltamethrin,,Ifakara,Tanzania,Ifakara_huts,-5.333333333,44.62025316,47.62112615,27.7946158,deltamethrin,3.5,0.196581197,3.5,75,4,39,29,79,25,58,16,,,,,,,,30
104,UNPUBLISHED_Sarah_Moore,Anopheles_arabiensis,deltamethrin,,Ifakara,Tanzania,Ifakara_huts,22.80701754,62.98701299,76.44628099,8.140495868,deltamethrin,3.533333333,0.196581197,3.533333333,57,2,29,33,44,5,36,6,,,,,,,,30
105,UNPUBLISHED_Sarah_Moore,Anopheles_arabiensis,deltamethrin,,Ifakara,Tanzania,Ifakara_huts,-73.68421053,-61.21212121,31.62878788,20.40998217,deltamethrin,3.633333333,0.196581197,3.633333333,38,4,33,16,66,19,52,19,,,,,,,,30
106,UNPUBLISHED_Sarah_Moore,Anopheles_arabiensis,deltamethrin,,Ifakara,Tanzania,Ifakara_huts,-13.43283582,38.67276888,59.06954887,18.62348178,deltamethrin,3.666666667,0.196581197,3.666666667,67,2,44,28,76,16,60,13,,,,,,,,30
107,UNPUBLISHED_Sarah_Moore,Anopheles_arabiensis,deltamethrin,,Ifakara,Tanzania,Ifakara_huts,8,52.44565217,95.27410208,39.87049029,deltamethrin,3.7,0.196581197,3.7,50,3,34,23,46,20,39,1,,,,,,,,30
108,UNPUBLISHED_Sarah_Moore,Anopheles_arabiensis,deltamethrin,,Ifakara,Tanzania,Ifakara_huts,10.52631579,-72.72727273,14.02714932,34.80392157,deltamethrin,3.733333333,0.196581197,3.733333333,38,2,27,13,34,13,17,10,,,,,,,,30
109,UNPUBLISHED_Sarah_Moore,Anopheles_arabiensis,deltamethrin,,Ifakara,Tanzania,Ifakara_huts,-31.25,14.28571429,,36,deltamethrin,3.766666667,0.196581197,3.766666667,32,7,16,0,42,21,24,9,,,,,,,,30
110,UNPUBLISHED_Sarah_Moore,Anopheles_arabiensis,deltamethrin,,Ifakara,Tanzania,Ifakara_huts,-73.25581395,-42.7764041,44.14375406,7.651006711,deltamethrin,3.866666667,0.196581197,3.866666667,86,6,67,31,149,21,102,30,,,,,,,,30
111,UNPUBLISHED_Sarah_Moore,Anopheles_arabiensis,deltamethrin,,Ifakara,Tanzania,Ifakara_huts,12.19512195,15.5651341,33.73737374,16.15541922,deltamethrin,3.9,0.196581197,3.9,164,1,106,55,144,24,101,32,,,,,,,,30
112,UNPUBLISHED_Sarah_Moore,Anopheles_arabiensis,deltamethrin,,Ifakara,Tanzania,Ifakara_huts,-57.98319328,3.546099291,52.52659574,21.71052632,deltamethrin,3.933333333,0.196581197,3.933333333,119,5,77,64,188,47,124,48,,,,,,,,30
113,UNPUBLISHED_Sarah_Moore,Anopheles_arabiensis,deltamethrin,,Ifakara,Tanzania,Ifakara_huts,30.53892216,-13.88317036,-14.38356164,15.57577693,deltamethrin,3.966666667,0.196581197,3.966666667,167,5,100,73,116,21,63,58,,,,,,,,30
114,UNPUBLISHED_Sarah_Moore,Anopheles_arabiensis,deltamethrin,,Ifakara,Tanzania,Ifakara_huts,-34.40860215,12.47058824,31.63243243,12.91818182,deltamethrin,4,0.196581197,4,93,5,59,37,125,22,85,34,,,,,,,,30
115,UNPUBLISHED_Sarah_Moore,Anopheles_arabiensis,deltamethrin,,Ifakara,Tanzania,Ifakara_huts,-9.230769231,32.07632894,60.76458753,25.09603073,deltamethrin,4.1,0.196581197,4.1,65,10,34,35,71,26,48,15,,,,,,,,30
116,UNPUBLISHED_Sarah_Moore,Anopheles_arabiensis,deltamethrin,,Ifakara,Tanzania,Ifakara_huts,-66.10169492,32.27040816,73.24263039,21.18738404,deltamethrin,4.133333333,0.196581197,4.133333333,59,4,43,27,98,26,80,12,,,,,,,,30
117,UNPUBLISHED_Sarah_Moore,Anopheles_arabiensis,deltamethrin,,Ifakara,Tanzania,Ifakara_huts,-81.57894737,18.92109501,63.28502415,11.57379057,deltamethrin,4.166666667,0.196581197,4.166666667,76,5,40,39,138,24,85,26,,,,,,,,30
118,UNPUBLISHED_Sarah_Moore,Anopheles_arabiensis,deltamethrin,,Ifakara,Tanzania,Ifakara_huts,-41.9047619,-34.7216739,26.76667983,20.98840757,deltamethrin,4.2,0.196581197,4.2,105,6,71,51,149,38,84,53,,,,,,,,30
119,UNPUBLISHED_Sarah_Moore,Anopheles_arabiensis,deltamethrin,,Ifakara,Tanzania,Ifakara_huts,-53.76344086,24.95965573,17.38801739,28.62016033,deltamethrin,4.233333333,0.196581197,4.233333333,93,11,54,37,143,53,98,47,,,,,,,,30
120,UNPUBLISHED_Sarah_Moore,Anopheles_arabiensis,deltamethrin,,Ifakara,Tanzania,Ifakara_huts,-6.097560976,9.237973606,67.86833856,12.11556384,deltamethrin,4.333333333,0.196581197,4.333333333,82,8,55,44,87,18,61,15,,,,,,,,30
121,UNPUBLISHED_Sarah_Moore,Anopheles_arabiensis,deltamethrin,,Ifakara,Tanzania,Ifakara_huts,3.96039604,-22.71723122,42.73195876,21.63885641,deltamethrin,4.366666667,0.196581197,4.366666667,101,4,73,40,97,24,64,22,,,,,,,,30
122,UNPUBLISHED_Sarah_Moore,Anopheles_arabiensis,deltamethrin,,Ifakara,Tanzania,Ifakara_huts,-37.5,40.74074074,52.94117647,24.72089314,deltamethrin,4.4,0.196581197,4.4,64,7,37,34,88,29,66,22,,,,,,,,30
123,UNPUBLISHED_Sarah_Moore,Anopheles_arabiensis,deltamethrin,,Ifakara,Tanzania,Ifakara_huts,34.14634146,22.12725546,18.44993141,17.91791792,deltamethrin,4.433333333,0.196581197,4.433333333,82,8,43,54,54,14,34,29,,,,,,,,30
124,UNPUBLISHED_Sarah_Moore,Anopheles_arabiensis,deltamethrin,,Ifakara,Tanzania,Ifakara_huts,26.98412698,27.7173913,22.96195652,21.07590273,deltamethrin,4.466666667,0.196581197,4.466666667,63,4,27,32,46,12,27,18,,,,,,,,30
125,UNPUBLISHED_Sarah_Moore,Anopheles_arabiensis,deltamethrin,,Ifakara,Tanzania,Ifakara_huts,-32.78688525,21.79487179,62.34567901,31.29737925,deltamethrin,4.6,0.196581197,4.6,61,4,35,18,81,29,54,9,,,,,,,,30
126,UNPUBLISHED_Sarah_Moore,Anopheles_arabiensis,deltamethrin,,Ifakara,Tanzania,Ifakara_huts,-21.05263158,9.598031173,19.11231884,37.86071566,deltamethrin,4.633333333,0.196581197,4.633333333,114,1,61,48,138,53,80,47,,,,,,,,30
127,UNPUBLISHED_Sarah_Moore,Anopheles_arabiensis,deltamethrin,,Ifakara,Tanzania,Ifakara_huts,-81.59509202,-6.414353543,18.12322191,12.72310046,deltamethrin,4.666666667,0.196581197,4.666666667,163,4,89,76,296,44,153,113,,,,,,,,30
128,UNPUBLISHED_Sarah_Moore,Anopheles_arabiensis,deltamethrin,,Ifakara,Tanzania,Ifakara_huts,3.125,-87.68328446,-7.779886148,13.07300509,deltamethrin,4.7,0.196581197,4.7,160,8,116,68,155,27,75,71,,,,,,,,30
129,UNPUBLISHED_Sarah_Moore,Anopheles_arabiensis,deltamethrin,,Ifakara,Tanzania,Ifakara_huts,-38.85350318,28.99599431,-25.14663859,23.27456977,deltamethrin,4.733333333,0.196581197,4.733333333,157,4,86,61,218,55,148,106,,,,,,,,30
130,UNPUBLISHED_Sarah_Moore,Anopheles_arabiensis,deltamethrin,,Ifakara,Tanzania,Ifakara_huts,-63.71681416,-8.588588589,-47.61261261,14.26233573,deltamethrin,4.8,0.196581197,4.8,113,4,77,36,185,32,121,87,,,,,,,,30
131,UNPUBLISHED_Sarah_Moore,Anopheles_arabiensis,deltamethrin,,Ifakara,Tanzania,Ifakara_huts,12.09677419,-2.822865208,-7.322139519,12.0499576,deltamethrin,4.833333333,0.196581197,4.833333333,124,5,72,53,109,17,62,50,,,,,,,,30
132,UNPUBLISHED_Sarah_Moore,Anopheles_arabiensis,deltamethrin,,Ifakara,Tanzania,Ifakara_huts,-20.58823529,-4.749679076,8.982748364,22.09903917,deltamethrin,4.866666667,0.196581197,4.866666667,102,3,64,41,123,30,75,45,,,,,,,,30
133,UNPUBLISHED_Sarah_Moore,Anopheles_arabiensis,deltamethrin,,Ifakara,Tanzania,Ifakara_huts,-3.06122449,19.84502798,54.71947195,21.16336634,deltamethrin,4.9,0.196581197,4.9,98,2,52,45,101,23,63,21,,,,,,,,30
134,UNPUBLISHED_Sarah_Moore,Anopheles_arabiensis,deltamethrin,,Ifakara,Tanzania,Ifakara_huts,23.1884058,-20.17416546,20.11149228,13.87518142,deltamethrin,4.933333333,0.196581197,4.933333333,69,4,30,44,53,10,17,27,,,,,,,,30
135,UNPUBLISHED_Sarah_Moore,Anopheles_arabiensis,deltamethrin,,Ifakara,Tanzania,Ifakara_huts,-30,10.93117409,52.99145299,14.97975709,deltamethrin,5.033333333,0.196581197,5.033333333,60,3,41,36,78,15,56,22,,,,,,,,30
136,UNPUBLISHED_Sarah_Moore,Anopheles_arabiensis,deltamethrin,,Ifakara,Tanzania,Ifakara_huts,-4.545454545,35.29411765,52.17391304,24.36804853,deltamethrin,5.066666667,0.196581197,5.066666667,88,2,54,42,92,24,69,21,,,,,,,,30
137,UNPUBLISHED_Sarah_Moore,Anopheles_arabiensis,deltamethrin,,Ifakara,Tanzania,Ifakara_huts,-3.305785124,-81.10967742,-18.53061224,13.86440678,deltamethrin,5.1,0.196581197,5.1,121,3,90,49,125,20,67,60,,,,,,,,30
138,UNPUBLISHED_Sarah_Moore,Anopheles_arabiensis,deltamethrin,,Ifakara,Tanzania,Ifakara_huts,13.01369863,-27.06174886,29.65095781,30.6974926,deltamethrin,5.133333333,0.196581197,5.133333333,146,5,89,67,127,42,64,41,,,,,,,,30
139,UNPUBLISHED_Sarah_Moore,Anopheles_arabiensis,deltamethrin,,Ifakara,Tanzania,Ifakara_huts,-10.6741573,-6.207142221,10.95416759,15.98539496,deltamethrin,5.166666667,0.196581197,5.166666667,178,7,121,69,197,38,130,68,,,,,,,,30
140,UNPUBLISHED_Sarah_Moore,Anopheles_arabiensis,deltamethrin,,Ifakara,Tanzania,Ifakara_huts,-5.494505495,-9.154040404,28.90625,9.889403292,deltamethrin,5.5,0.196581197,5.5,91,10,58,52,96,19,58,39,,,,,,,,30
141,UNPUBLISHED_Sarah_Moore,Anopheles_arabiensis,deltamethrin,,Ifakara,Tanzania,Ifakara_huts,0,22.22222222,-16.66666667,42.85714286,deltamethrin,5.533333333,0.196581197,5.533333333,70,0,25,18,70,30,35,21,,,,,,,,30
142,UNPUBLISHED_Sarah_Moore,Anopheles_arabiensis,deltamethrin,,Ifakara,Tanzania,Ifakara_huts,-26.13636364,41.33333333,10.81081081,15.94486052,deltamethrin,5.566666667,0.196581197,5.566666667,88,5,38,56,111,23,74,63,,,,,,,,30
143,UNPUBLISHED_Sarah_Moore,Anopheles_arabiensis,deltamethrin,,Ifakara,Tanzania,Ifakara_huts,-13.44537815,28.01234568,3.321385902,8.084836974,deltamethrin,5.6,0.196581197,5.6,119,2,59,62,135,13,86,68,,,,,,,,30
144,UNPUBLISHED_Sarah_Moore,Anopheles_arabiensis,deltamethrin,,Ifakara,Tanzania,Ifakara_huts,-85.14851485,-1.883811376,37.13509249,9.982174688,deltamethrin,5.633333333,0.196581197,5.633333333,101,2,57,61,187,22,104,71,,,,,,,,30
145,UNPUBLISHED_Sarah_Moore,Anopheles_arabiensis,deltamethrin,,Ifakara,Tanzania,Ifakara_huts,-43.42857143,-15.69108183,16.94093192,-1.116003821,deltamethrin,5.733333333,0.196581197,5.733333333,175,4,84,115,251,3,100,137,,,,,,,,30
146,UNPUBLISHED_Sarah_Moore,Anopheles_arabiensis,deltamethrin,,Ifakara,Tanzania,Ifakara_huts,-50.58139535,-7.186886134,60.32693176,34.77661335,deltamethrin,5.8,0.196581197,5.8,172,4,115,77,259,94,167,46,,,,,,,,30
147,UNPUBLISHED_Sarah_Moore,Anopheles_arabiensis,deltamethrin,,Ifakara,Tanzania,Ifakara_huts,-14.46540881,-0.918908678,-11.02335165,22.15765004,deltamethrin,5.833333333,0.196581197,5.833333333,159,3,101,48,182,43,115,61,,,,,,,,30
148,UNPUBLISHED_Sarah_Moore,Anopheles_arabiensis,deltamethrin,,Ifakara,Tanzania,Ifakara_huts,-29.56521739,29.25055928,69.59528168,35.44844417,deltamethrin,5.866666667,0.196581197,5.866666667,115,5,55,33,149,57,94,13,,,,,,,,30
149,UNPUBLISHED_Sarah_Moore,Anopheles_arabiensis,deltamethrin,,Ifakara,Tanzania,Ifakara_huts,-97.7443609,9.35504699,52.59030418,22.19947353,deltamethrin,5.9,0.196581197,5.9,133,3,80,64,263,63,168,60,,,,,,,,30
150,UNPUBLISHED_Sarah_Moore,Anopheles_arabiensis,deltamethrin,,Ifakara,Tanzania,Ifakara_huts,3.097345133,35.13372472,35.37198469,25.67969503,deltamethrin,5.966666667,0.196581197,5.966666667,226,8,121,99,219,62,153,62,,,,,,,,30
151,UNPUBLISHED_Sarah_Moore,Anopheles_arabiensis,deltamethrin,,Ifakara,Tanzania,Ifakara_huts,-70.28571429,-19.58511287,45.32515621,28.07076764,deltamethrin,6,0.196581197,6,175,6,120,87,298,91,186,81,,,,,,,,30
152,UNPUBLISHED_Sarah_Moore,Anopheles_arabiensis,deltamethrin,,Ifakara,Tanzania,Ifakara_huts,-164.0776699,-4.947478992,28.20925245,28.76383227,deltamethrin,6.033333333,0.196581197,6.033333333,103,2,68,48,272,82,175,91,,,,,,,,30
153,UNPUBLISHED_Sarah_Moore,Anopheles_arabiensis,deltamethrin,,Ifakara,Tanzania,Ifakara_huts,-32.25806452,-13.41463415,28.78615995,17.40455992,deltamethrin,6.066666667,0.196581197,6.066666667,186,2,102,86,246,45,120,81,,,,,,,,30
154,UNPUBLISHED_Sarah_Moore,Anopheles_arabiensis,deltamethrin,,Ifakara,Tanzania,Ifakara_huts,-39.45945946,-28.04540421,43.88270981,12.84423316,deltamethrin,6.1,0.196581197,6.1,185,4,101,92,258,38,108,72,,,,,,,,30
155,UNPUBLISHED_Sarah_Moore,Anopheles_arabiensis,deltamethrin,,Ifakara,Tanzania,Ifakara_huts,-57.82608696,25.23415978,42.91247307,25.19508258,deltamethrin,6.2,0.196581197,6.2,230,3,130,101,363,95,245,91,,,,,,,,30
156,UNPUBLISHED_Sarah_Moore,Anopheles_arabiensis,deltamethrin,,Ifakara,Tanzania,Ifakara_huts,-16.72862454,16.55637356,15.45843111,30.75642929,deltamethrin,6.233333333,0.196581197,6.233333333,269,3,192,76,314,99,239,75,,,,,,,,30
157,UNPUBLISHED_Sarah_Moore,Anopheles_arabiensis,deltamethrin,,Ifakara,Tanzania,Ifakara_huts,-35.29411765,-18.82223445,-0.140252454,27.26485363,deltamethrin,6.266666667,0.196581197,6.266666667,255,4,176,93,345,98,218,126,,,,,,,,30
158,UNPUBLISHED_Sarah_Moore,Anopheles_arabiensis,deltamethrin,,Ifakara,Tanzania,Ifakara_huts,-17.64705882,23.79310345,51.24031008,37.5,deltamethrin,6.3,0.196581197,6.3,272,0,127,129,320,120,190,74,,,,,,,,30
159,UNPUBLISHED_Sarah_Moore,Anopheles_arabiensis,deltamethrin,,Ifakara,Tanzania,Ifakara_huts,-102.2421525,16.69478454,28.07901633,35.63152953,deltamethrin,6.333333333,0.196581197,6.333333333,223,1,131,88,451,162,296,128,,,,,,,,30
160,UNPUBLISHED_Sarah_Moore,Anopheles_arabiensis,deltamethrin,,Ifakara,Tanzania,Ifakara_huts,-67.9558011,12.81719925,24.03584392,34.17580409,deltamethrin,6.433333333,0.196581197,6.433333333,181,1,97,58,304,105,181,74,,,,,,,,30
161,UNPUBLISHED_Sarah_Moore,Anopheles_arabiensis,deltamethrin,,Ifakara,Tanzania,Ifakara_huts,-21.80851064,-59.45582801,36.30477338,35.37117904,deltamethrin,6.466666667,0.196581197,6.466666667,188,0,136,58,229,81,128,45,,,,,,,,30
162,UNPUBLISHED_Sarah_Moore,Anopheles_arabiensis,deltamethrin,,Ifakara,Tanzania,Ifakara_huts,-66.52892562,-40.78301627,31.14309347,36.41804116,deltamethrin,6.5,0.196581197,6.5,242,4,152,75,403,151,192,86,,,,,,,,30
163,UNPUBLISHED_Sarah_Moore,Anopheles_arabiensis,deltamethrin,,Ifakara,Tanzania,Ifakara_huts,-54.62962963,0.427715997,-12.98781747,37.25263228,deltamethrin,6.533333333,0.196581197,6.533333333,540,2,288,87,835,313,447,152,,,,,,,,30
164,UNPUBLISHED_Sarah_Moore,Anopheles_arabiensis,deltamethrin,,Ifakara,Tanzania,Ifakara_huts,-5.202312139,-26.73992674,20.15384615,40.93406593,deltamethrin,6.566666667,0.196581197,6.566666667,346,0,196,100,364,149,164,84,,,,,,,,30
165,UNPUBLISHED_Sarah_Moore,Anopheles_arabiensis,deltamethrin,,Ifakara,Tanzania,Ifakara_huts,-103.9800995,18.45943255,22.37804878,24.1230543,deltamethrin,6.666666667,0.196581197,6.666666667,201,2,103,72,410,102,247,114,,,,,,,,30
166,UNPUBLISHED_Sarah_Moore,Anopheles_arabiensis,deltamethrin,,Ifakara,Tanzania,Ifakara_huts,-30.70175439,34.96644295,47.99706376,30.29082774,deltamethrin,6.7,0.196581197,6.7,228,3,128,128,298,93,213,87,,,,,,,,30
167,UNPUBLISHED_Sarah_Moore,Anopheles_arabiensis,deltamethrin,,Ifakara,Tanzania,Ifakara_huts,-100.4651163,-53.13225058,38.56392722,24.81938839,deltamethrin,6.733333333,0.196581197,6.733333333,215,4,129,95,431,113,167,117,,,,,,,,30
168,UNPUBLISHED_Sarah_Moore,Anopheles_arabiensis,deltamethrin,,Ifakara,Tanzania,Ifakara_huts,-30.14354067,25.33643174,30.21833733,12.13235294,deltamethrin,6.766666667,0.196581197,6.766666667,209,0,103,98,272,33,169,89,,,,,,,,30
169,UNPUBLISHED_Sarah_Moore,Anopheles_arabiensis,deltamethrin,,Ifakara,Tanzania,Ifakara_huts,-60.43956044,12.10045662,40.99543379,27.39726027,deltamethrin,6.8,0.196581197,6.8,182,0,104,75,292,80,182,71,,,,,,,,30
170,UNPUBLISHED_Sarah_Moore,Anopheles_arabiensis,deltamethrin,,Ifakara,Tanzania,Ifakara_huts,-86.01036269,41.01284432,57.58898174,28.97962176,deltamethrin,6.9,0.196581197,6.9,193,3,121,90,359,108,280,71,,,,,,,,30
171,UNPUBLISHED_Sarah_Moore,Anopheles_arabiensis,deltamethrin,,Ifakara,Tanzania,Ifakara_huts,-80.74534161,-28.79274407,14.98617048,19.96105384,deltamethrin,6.933333333,0.196581197,6.933333333,161,11,100,41,291,74,149,63,,,,,,,,30
172,UNPUBLISHED_Sarah_Moore,Anopheles_arabiensis,deltamethrin,,Ifakara,Tanzania,Ifakara_huts,-665.3846154,20.67480258,45.56113903,10.1758794,deltamethrin,6.966666667,0.196581197,6.966666667,26,2,12,18,199,34,114,75,,,,,,,,30
173,UNPUBLISHED_Sarah_Moore,Anopheles_arabiensis,deltamethrin,,Ifakara,Tanzania,Ifakara_huts,-71.51898734,-3.085726509,31.9803198,24.82035347,deltamethrin,7,0.196581197,7,158,6,89,48,271,75,149,56,,,,,,,,30
174,UNPUBLISHED_Sarah_Moore,Anopheles_arabiensis,deltamethrin,,Ifakara,Tanzania,Ifakara_huts,-21.66666667,9.001956947,10.88680606,19.93386868,deltamethrin,7.033333333,0.196581197,7.033333333,240,8,128,95,292,66,168,103,,,,,,,,30
175,UNPUBLISHED_Sarah_Moore,Anopheles_arabiensis,deltamethrin,,Ifakara,Tanzania,Ifakara_huts,-71.11111111,-30.75060533,9.355950172,14.72845336,deltamethrin,7.133333333,0.196581197,7.133333333,225,5,166,49,385,64,253,76,,,,,,,,30
176,UNPUBLISHED_Sarah_Moore,Anopheles_arabiensis,deltamethrin,,Ifakara,Tanzania,Ifakara_huts,-74.41860465,16.20512821,34.96517413,26.66666667,deltamethrin,7.166666667,0.196581197,7.166666667,172,0,94,67,300,80,186,76,,,,,,,,30
177,UNPUBLISHED_Sarah_Moore,Anopheles_arabiensis,deltamethrin,,Ifakara,Tanzania,Ifakara_huts,-84.76821192,-17.26403823,1.596611274,26.88172043,deltamethrin,7.2,0.196581197,7.2,151,0,79,55,279,75,123,100,,,,,,,,30
178,UNPUBLISHED_Sarah_Moore,Anopheles_arabiensis,deltamethrin,,Ifakara,Tanzania,Ifakara_huts,-7.006369427,15.04329004,24.44275583,17.47062461,deltamethrin,7.233333333,0.196581197,7.233333333,157,3,69,47,168,32,88,38,,,,,,,,30
179,UNPUBLISHED_Sarah_Moore,Anopheles_arabiensis,deltamethrin,,Ifakara,Tanzania,Ifakara_huts,-40.51282051,11.7919194,13.77737226,32.18557725,deltamethrin,7.266666667,0.196581197,7.266666667,195,4,124,52,274,92,186,63,,,,,,,,30
180,UNPUBLISHED_Sarah_Moore,Anopheles_arabiensis,deltamethrin,,Ifakara,Tanzania,Ifakara_huts,-77.5,15.95474486,26.51561543,51.43273434,deltamethrin,7.366666667,0.196581197,7.366666667,160,15,99,23,284,159,193,30,,,,,,,,30
181,UNPUBLISHED_Sarah_Moore,Anopheles_arabiensis,deltamethrin,,Ifakara,Tanzania,Ifakara_huts,-44.32432432,7.337214025,10.11235955,20.87437,deltamethrin,7.4,0.196581197,7.4,185,23,102,37,267,82,156,48,,,,,,,,30
182,UNPUBLISHED_Sarah_Moore,Anopheles_arabiensis,deltamethrin,,Ifakara,Tanzania,Ifakara_huts,-68.10344828,-10.05128205,26.78500986,26.15384615,deltamethrin,7.433333333,0.196581197,7.433333333,116,0,76,26,195,51,121,32,,,,,,,,30
183,UNPUBLISHED_Sarah_Moore,Anopheles_arabiensis,deltamethrin,,Ifakara,Tanzania,Ifakara_huts,-75.35211268,-57.14413208,16.73895582,21.63762966,deltamethrin,7.5,0.196581197,7.5,142,3,97,50,249,58,125,73,,,,,,,,30
184,UNPUBLISHED_Sarah_Moore,Anopheles_arabiensis,deltamethrin,,Ifakara,Tanzania,Ifakara_huts,-18.33333333,-23.74245473,-23.94366197,0.402414487,deltamethrin,7.6,0.196581197,7.6,60,4,32,15,71,5,30,22,,,,,,,,30
185,UNPUBLISHED_Sarah_Moore,Anopheles_arabiensis,deltamethrin,,Ifakara,Tanzania,Ifakara_huts,3.409090909,45.88235294,52.54901961,23.26643599,deltamethrin,7.633333333,0.196581197,7.633333333,88,3,44,24,85,22,62,11,,,,,,,,30
186,UNPUBLISHED_Sarah_Moore,Anopheles_arabiensis,deltamethrin,,Ifakara,Tanzania,Ifakara_huts,-23.94366197,-11.71328671,-33.43531469,21.7265943,deltamethrin,7.666666667,0.196581197,7.666666667,71,4,45,26,88,23,52,43,,,,,,,,30
187,UNPUBLISHED_Sarah_Moore,Anopheles_arabiensis,deltamethrin,,Ifakara,Tanzania,Ifakara_huts,-33.84615385,-0.574712644,37.08408953,26.43678161,deltamethrin,7.7,0.196581197,7.7,65,0,39,19,87,23,52,16,,,,,,,,30
188,UNPUBLISHED_Sarah_Moore,Anopheles_arabiensis,deltamethrin,,Ifakara,Tanzania,Ifakara_huts,3.896103896,59.00900901,17.85206259,17.36883943,deltamethrin,7.733333333,0.196581197,7.733333333,77,9,44,19,74,20,61,15,,,,,,,,30
189,Ngufor_2017_PLoSOne,Anophelesgambiae,deltamethrin,0.025,WestAfrica,Benin,cement,33.83084577,11.21733839,-2.744148507,5.047292295,deltamethrin,0.25,0.148496241,0,804,83,421,531,532,79,307,361,,,,,,,,16
190,Ngufor_2017_PLoSOne,Anophelesgambiae,deltamethrin,0.025,WestAfrica,Benin,cement,24.12790698,30.1697775,4.780300392,-0.991344024,deltamethrin,0.5,0.148496241,0.5,1720,227,848,1452,1305,161,843,1049,,,,,,,,16
191,Ngufor_2017_PLoSOne,Anophelesgambiae,deltamethrin,0.025,WestAfrica,Benin,cement,10.14492754,41.01963977,-19.66111133,2.728993292,deltamethrin,0.75,0.148496241,0.75,1242,83,608,811,1116,103,780,872,,,,,,,,16
192,Ngufor_2017_PLoSOne,Anophelesgambiae,deltamethrin,0.025,WestAfrica,Benin,cement,31.88908146,59.07906953,-20.18947051,4.983704477,deltamethrin,1,0.148496241,1,1154,43,562,827,786,67,621,677,,,,,,,,16
193,Ngufor_2017_PLoSOne,Anophelesgambiae,deltamethrin,0.025,WestAfrica,Benin,cement,11.00726895,54.43958842,18.9590443,9.364649687,deltamethrin,1.25,0.148496241,1.25,963,22,413,929,857,98,634,670,,,,,,,,16
194,Ngufor_2017_PLoSOne,Anophelesgambiae,deltamethrin,0.025,WestAfrica,Benin,cement,36.58872077,54.16824837,16.19336845,5.157495952,deltamethrin,1.5,0.148496241,1.5,727,17,407,700,461,34,368,372,,,,,,,,16
195,Ngufor_2017_PLoSOne,Anophelesgambiae,deltamethrin,0.025,WestAfrica,Benin,cement,44.26229508,41.91176471,-0.608303023,6.148047454,deltamethrin,1.75,0.148496241,1.75,488,12,244,469,272,23,193,263,,,,,,,,16
196,Ngufor_2017_PLoSOne,Anophelesgambiae,deltamethrin,0.025,WestAfrica,Benin,cement,41.19241192,53.33321784,10.579215,14.02698041,deltamethrin,2,0.148496241,2,369,11,103,348,217,36,144,183,,,,,,,,16
197,Ngufor_2017_PLoSOne,Anophelesgambiae,deltamethrin,0.025,WestAfrica,Benin,cement,62.92428198,44.15523981,4.365807031,19.38586828,deltamethrin,2.25,0.148496241,2.25,383,25,156,361,142,35,95,128,,,,,,,,16
198,Ngufor_2017_PLoSOne,Anophelesgambiae,deltamethrin,0.025,WestAfrica,Benin,cement,52.07373272,52.02484559,3.21185225,11.09084881,deltamethrin,2.5,0.148496241,2.5,434,28,160,429,208,35,145,199,,,,,,,,16
199,Ngufor_2017_PLoSOne,Anophelesgambiae,deltamethrin,0.025,WestAfrica,Benin,cement,31.45780051,52.97582336,1.728404609,3.903482587,deltamethrin,2.75,0.148496241,2.75,391,16,149,386,268,21,190,260,,,,,,,,16
200,Ngufor_2017_PLoSOne,Anophelesgambiae,deltamethrin,0.025,WestAfrica,Benin,cement,37.07093822,45.33978079,1.106456489,2.993737854,deltamethrin,3,0.148496241,3,437,16,155,421,275,18,178,262,,,,,,,,16
201,Ngufor_2017_PLoSOne,Anophelesgambiae,deltamethrin,0.025,WestAfrica,Benin,cement,29.1322314,33.89963484,-3.4379366,3.581389172,deltamethrin,3.25,0.148496241,3.25,484,23,183,457,343,28,202,335,,,,,,,,16
202,Ngufor_2017_PLoSOne,Anophelesgambiae,deltamethrin,0.025,WestAfrica,Benin,cement,-6.845238095,36.87892725,0.377668028,5.187228367,deltamethrin,3.5,0.148496241,3.5,336,29,121,326,359,48,214,347,,,,,,,,16
203,Ngufor_2017_PLoSOne,Anophelesgambiae,deltamethrin,0.025,WestAfrica,Benin,cement,-6.918238994,34.18300654,7.803548973,2.644385027,deltamethrin,3.75,0.148496241,3.75,477,37,180,421,510,52,301,415,,,,,,,,16
204,Ngufor_2017_PLoSOne,Anophelesgambiae,deltamethrin,0.025,WestAfrica,Benin,cement,-0.231481481,41.3123217,14.33970187,0.733561759,deltamethrin,4,0.148496241,4,432,35,126,396,433,38,253,340,,,,,,,,16
205,Ngufor_2017_PLoSOne,Anophelesgambiae,deltamethrin,0.025,WestAfrica,Benin,cement,3.966597077,31.99645075,10.39939333,17.06837856,deltamethrin,4.25,0.148496241,4.25,479,32,185,473,460,104,268,407,,,,,,,,16
206,Ngufor_2017_PLoSOne,Anophelesgambiae,deltamethrin,0.025,WestAfrica,Benin,cement,-21.07438017,29.4734276,23.80050644,3.355694167,deltamethrin,4.5,0.148496241,4.5,484,49,176,465,586,77,323,429,,,,,,,,16
207,Ngufor_2017_PLoSOne,Anophelesgambiae,deltamethrin,0.025,WestAfrica,Benin,cement,-20.49689441,33.72154393,34.31533447,1.257636502,deltamethrin,4.75,0.148496241,4.75,483,51,190,446,582,68,348,353,,,,,,,,16
208,Ngufor_2017_PLoSOne,Anophelesgambiae,deltamethrin,0.025,WestAfrica,Benin,cement,-13.09090909,23.46890807,2.379421222,0.783603818,deltamethrin,5,0.148496241,5,275,21,104,250,311,26,163,276,,,,,,,,16
209,Ngufor_2017_PLoSOne,Anophelesgambiae,deltamethrin,0.025,WestAfrica,Benin,cement,30.68965517,31.22470549,-5.034825871,-5.456652481,deltamethrin,5.25,0.148496241,5.25,290,41,97,250,201,19,109,182,,,,,,,,16
210,Ngufor_2017_PLoSOne,Anophelesgambiae,deltamethrin,0.025,WestAfrica,Benin,cement,32.85024155,30.73448218,-11.28152423,-0.831834532,deltamethrin,5.5,0.148496241,5.5,207,15,78,182,139,9,79,136,,,,,,,,16
211,Ngufor_2017_PLoSOne,Anophelesgambiae,deltamethrin,0.025,WestAfrica,Benin,cement,27.55905512,23.11502477,7.971014493,-4.722638681,deltamethrin,5.75,0.148496241,5.75,127,11,48,114,92,4,48,76,,,,,,,,16
212,Ngufor_2017_PLoSOne,Anophelesgambiae,deltamethrin,0.025,WestAfrica,Benin,cement,15.07936508,31.0690677,11.18327261,4.626554414,deltamethrin,6,0.148496241,6,126,5,44,118,107,9,59,89,,,,,,,,16
213,Ngufor_2017_PLoSOne,Anophelesgambiae,deltamethrin,0.025,WestAfrica,Benin,cement,-22.4137931,13.35894153,5.181086519,0.804828974,deltamethrin,6.25,0.148496241,6.25,58,2,25,56,71,3,36,65,,,,,,,,16
214,Ngufor_2017_PLoSOne,Anophelesgambiae,deltamethrin,0.025,WestAfrica,Benin,cement,35.29411765,35.92017738,-2,5.380333952,deltamethrin,6.5,0.148496241,6.5,51,2,10,50,33,3,16,33,,,,,,,,16
215,Ngufor_2017_PLoSOne,Anophelesgambiae,deltamethrin,0.025,WestAfrica,Benin,cement,35.71428571,54.24836601,-2.339181287,1.35501355,deltamethrin,6.75,0.148496241,6.75,42,1,8,38,27,1,17,25,,,,,,,,16
216,Ngufor_2017_PLoSOne,Anophelesgambiae,deltamethrin,0.025,WestAfrica,Benin,cement,67.74193548,32.97297297,7,-1.639344262,deltamethrin,7,0.148496241,7,62,1,25,60,20,0,12,18,,,,,,,,16
217,Ngufor_2017_PLoSOne,Anophelesgambiae,deltamethrin,0.025,WestAfrica,Benin,cement,54.05405405,33.03167421,0,5.882352941,deltamethrin,7.25,0.148496241,7.25,37,0,11,37,17,1,9,17,,,,,,,,16
218,Ngufor_2017_PLoSOne,Anophelesgambiae,deltamethrin,0.025,WestAfrica,Benin,cement,63.33333333,38.01652893,0.34965035,2.927580894,deltamethrin,7.5,0.148496241,7.5,60,1,16,52,22,1,12,19,,,,,,,,16
219,Ngufor_2017_PLoSOne,Anophelesgambiae,deltamethrin,0.025,WestAfrica,Benin,cement,84.61538462,35,12.16216216,-2.631578947,deltamethrin,7.75,0.148496241,7.75,39,1,9,37,6,0,3,5,,,,,,,,16
220,Ngufor_2017_PLoSOne,Anophelesgambiae,deltamethrin,0.025,WestAfrica,Benin,cement,68.75,36,-23.07692308,0,deltamethrin,8,0.148496241,8,16,0,6,13,5,0,3,5,,,,,,,,16
221,Ngufor_2017_PLoSOne,Anophelesgambiae,deltamethrin,0.025,WestAfrica,Benin,cement,27.5862069,12.78195489,1.360544218,0,deltamethrin,8.25,0.148496241,8.25,29,0,10,28,21,0,9,20,,,,,,,,16
222,Ngufor_2017_PLoSOne,Anophelesgambiae,deltamethrin,0.025,WestAfrica,Benin,cement,-25,2.857142857,7.272727273,1.818181818,deltamethrin,8.5,0.148496241,8.5,44,0,16,44,55,1,21,51,,,,,,,,16
223,Ngufor_2017_PLoSOne,Anophelesgambiae,deltamethrin,0.025,WestAfrica,Benin,mud,53.73134328,10.83972037,5.570742968,48.44078565,deltamethrin,0.25,0.537634409,0,804,83,421,531,372,200,214,232,,,,,,,,17
224,Ngufor_2017_PLoSOne,Anophelesgambiae,deltamethrin,0.025,WestAfrica,Benin,mud,47.96511628,27.7125724,25.21969312,41.04629799,deltamethrin,0.5,0.537634409,0.5,1720,227,848,1452,895,437,567,565,,,,,,,,17
225,Ngufor_2017_PLoSOne,Anophelesgambiae,deltamethrin,0.025,WestAfrica,Benin,mud,29.22705314,40.49482671,-9.413651035,32.70413767,deltamethrin,0.75,0.537634409,0.75,1242,83,608,811,879,327,612,628,,,,,,,,17
226,Ngufor_2017_PLoSOne,Anophelesgambiae,deltamethrin,0.025,WestAfrica,Benin,mud,47.66031196,51.58962771,-35.15098857,20.89341384,deltamethrin,1,0.537634409,1,1154,43,562,827,604,144,454,585,,,,,,,,17
227,Ngufor_2017_PLoSOne,Anophelesgambiae,deltamethrin,0.025,WestAfrica,Benin,mud,51.50571132,47.13529297,9.214393225,29.43722451,deltamethrin,1.25,0.537634409,1.25,963,22,413,929,467,145,326,409,,,,,,,,17
228,Ngufor_2017_PLoSOne,Anophelesgambiae,deltamethrin,0.025,WestAfrica,Benin,mud,53.7826685,20.89006696,15.61607143,35.39403085,deltamethrin,1.5,0.537634409,1.5,727,17,407,700,336,124,219,273,,,,,,,,17
229,Ngufor_2017_PLoSOne,Anophelesgambiae,deltamethrin,0.025,WestAfrica,Benin,mud,57.37704918,42.30769231,2.952271609,26.06658048,deltamethrin,1.75,0.537634409,1.75,488,12,244,469,208,58,148,194,,,,,,,,17
230,Ngufor_2017_PLoSOne,Anophelesgambiae,deltamethrin,0.025,WestAfrica,Benin,mud,56.6395664,47.11231203,5.894396552,33.64699721,deltamethrin,2,0.537634409,2,369,11,103,348,160,57,99,142,,,,,,,,17
231,Ngufor_2017_PLoSOne,Anophelesgambiae,deltamethrin,0.025,WestAfrica,Benin,mud,74.41253264,27.6903713,1.483973091,36.68338844,deltamethrin,2.25,0.537634409,2.25,383,25,156,361,98,40,56,91,,,,,,,,17
232,Ngufor_2017_PLoSOne,Anophelesgambiae,deltamethrin,0.025,WestAfrica,Benin,mud,60.36866359,35.53726023,4.1280425,32.2574178,deltamethrin,2.5,0.537634409,2.5,434,28,160,429,172,63,102,163,,,,,,,,17
233,Ngufor_2017_PLoSOne,Anophelesgambiae,deltamethrin,0.025,WestAfrica,Benin,mud,53.7084399,35.72896215,14.37466006,26.84051565,deltamethrin,2.75,0.537634409,2.75,391,16,149,386,181,54,109,153,,,,,,,,17
234,Ngufor_2017_PLoSOne,Anophelesgambiae,deltamethrin,0.025,WestAfrica,Benin,mud,54.23340961,36.46453901,-0.167458432,33.04869359,deltamethrin,3,0.537634409,3,437,16,155,421,200,71,118,193,,,,,,,,17
235,Ngufor_2017_PLoSOne,Anophelesgambiae,deltamethrin,0.025,WestAfrica,Benin,mud,30.99173554,21.52704558,2.970426761,36.18922675,deltamethrin,3.25,0.537634409,3.25,484,23,183,457,334,131,171,306,,,,,,,,17
236,Ngufor_2017_PLoSOne,Anophelesgambiae,deltamethrin,0.025,WestAfrica,Benin,mud,0.297619048,26.29225963,3.393462137,27.4714376,deltamethrin,3.5,0.537634409,3.5,336,29,121,326,335,113,177,314,,,,,,,,17
237,Ngufor_2017_PLoSOne,Anophelesgambiae,deltamethrin,0.025,WestAfrica,Benin,mud,12.99790356,32.66155531,-1.83498841,23.19934283,deltamethrin,3.75,0.537634409,3.75,477,37,180,421,415,121,241,373,,,,,,,,17
238,Ngufor_2017_PLoSOne,Anophelesgambiae,deltamethrin,0.025,WestAfrica,Benin,mud,28.47222222,45.63106796,7.855251545,24.28651782,deltamethrin,4,0.537634409,4,432,35,126,396,309,94,190,261,,,,,,,,17
239,Ngufor_2017_PLoSOne,Anophelesgambiae,deltamethrin,0.025,WestAfrica,Benin,mud,19.41544885,31.19999295,6.602109783,37.25933396,deltamethrin,4.25,0.537634409,4.25,479,32,185,473,386,160,223,356,,,,,,,,17
240,Ngufor_2017_PLoSOne,Anophelesgambiae,deltamethrin,0.025,WestAfrica,Benin,mud,22.10743802,31.22394847,11.65112233,30.34909601,deltamethrin,4.5,0.537634409,4.5,484,49,176,465,377,141,212,320,,,,,,,,17
241,Ngufor_2017_PLoSOne,Anophelesgambiae,deltamethrin,0.025,WestAfrica,Benin,mud,15.32091097,25.43621753,11.29792669,32.2059223,deltamethrin,4.75,0.537634409,4.75,483,51,190,446,409,161,224,335,,,,,,,,17
242,Ngufor_2017_PLoSOne,Anophelesgambiae,deltamethrin,0.025,WestAfrica,Benin,mud,-9.818181818,21.72069246,3.841059603,41.56411326,deltamethrin,5,0.537634409,5,275,21,104,250,302,139,155,264,,,,,,,,17
243,Ngufor_2017_PLoSOne,Anophelesgambiae,deltamethrin,0.025,WestAfrica,Benin,mud,50.68965517,32.75118664,-3.832167832,34.0298256,deltamethrin,5.25,0.537634409,5.25,290,41,97,250,143,62,79,128,,,,,,,,17
244,Ngufor_2017_PLoSOne,Anophelesgambiae,deltamethrin,0.025,WestAfrica,Benin,mud,39.61352657,19.1255814,-7.367032967,37.0375,deltamethrin,5.5,0.537634409,5.5,207,15,78,182,125,52,62,118,,,,,,,,17
245,Ngufor_2017_PLoSOne,Anophelesgambiae,deltamethrin,0.025,WestAfrica,Benin,mud,66.14173228,14.01236385,-1.040391677,31.25501203,deltamethrin,5.75,0.537634409,5.75,127,11,48,114,43,16,20,39,,,,,,,,17
246,Ngufor_2017_PLoSOne,Anophelesgambiae,deltamethrin,0.025,WestAfrica,Benin,mud,25.3968254,26.44006227,5.71583123,31.31703886,deltamethrin,6,0.537634409,6,126,5,44,118,94,32,49,83,,,,,,,,17
247,Ngufor_2017_PLoSOne,Anophelesgambiae,deltamethrin,0.025,WestAfrica,Benin,mud,8.620689655,13.77930246,0.336927224,23.78706199,deltamethrin,6.25,0.537634409,6.25,58,2,25,56,53,14,27,51,,,,,,,,17
248,Ngufor_2017_PLoSOne,Anophelesgambiae,deltamethrin,0.025,WestAfrica,Benin,mud,23.52941176,33.0206379,5.846153846,25.27472527,deltamethrin,6.5,0.537634409,6.5,51,2,10,50,39,11,18,36,,,,,,,,17
249,Ngufor_2017_PLoSOne,Anophelesgambiae,deltamethrin,0.025,WestAfrica,Benin,mud,61.9047619,45.95588235,10.19736842,10.36585366,deltamethrin,6.75,0.537634409,6.75,42,1,8,38,16,2,9,13,,,,,,,,17
250,Ngufor_2017_PLoSOne,Anophelesgambiae,deltamethrin,0.025,WestAfrica,Benin,mud,54.83870968,16.21621622,4.047619048,31.03044496,deltamethrin,7,0.537634409,7,62,1,25,60,28,9,14,26,,,,,,,,17
251,Ngufor_2017_PLoSOne,Anophelesgambiae,deltamethrin,0.025,WestAfrica,Benin,mud,32.43243243,20.30769231,4,24,deltamethrin,7.25,0.537634409,7.25,37,0,11,37,25,6,11,24,,,,,,,,17
252,Ngufor_2017_PLoSOne,Anophelesgambiae,deltamethrin,0.025,WestAfrica,Benin,mud,35,26.57342657,-9.467455621,24.38070404,deltamethrin,7.5,0.537634409,7.5,60,1,16,52,39,10,18,37,,,,,,,,17
253,Ngufor_2017_PLoSOne,Anophelesgambiae,deltamethrin,0.025,WestAfrica,Benin,mud,2.564102564,41.84210526,2.916073969,27.07756233,deltamethrin,7.75,0.537634409,7.75,39,1,9,37,38,11,21,35,,,,,,,,17
254,Ngufor_2017_PLoSOne,Anophelesgambiae,deltamethrin,0.025,WestAfrica,Benin,mud,75,60,7.692307692,0,deltamethrin,8,0.537634409,8,16,0,6,13,4,0,3,3,,,,,,,,17
255,Ngufor_2017_PLoSOne,Anophelesgambiae,deltamethrin,0.025,WestAfrica,Benin,mud,41.37931034,19.19504644,8.613445378,17.64705882,deltamethrin,8.25,0.537634409,8.25,29,0,10,28,17,3,8,15,,,,,,,,17
256,Ngufor_2017_PLoSOne,Anophelesgambiae,deltamethrin,0.025,WestAfrica,Benin,mud,2.272727273,-9.634551495,2.325581395,9.302325581,deltamethrin,8.5,0.537634409,8.5,44,0,16,44,43,4,13,42,,,,,,,,17
257,Ngufor_2017_PLoSOne,Anophelesgambiae,deltamethrin,0.025,WestAfrica,Benin,plywood,47.63681592,-0.722511985,-4.657997504,55.50123377,deltamethrin,0.25,0.600950119,0,804,83,421,531,421,253,219,291,,,,,,,,18
258,Ngufor_2017_PLoSOne,Anophelesgambiae,deltamethrin,0.025,WestAfrica,Benin,plywood,41.62790698,4.323074674,19.88794135,60.0686337,deltamethrin,0.5,0.600950119,0.5,1720,227,848,1452,1004,656,517,679,,,,,,,,18
259,Ngufor_2017_PLoSOne,Anophelesgambiae,deltamethrin,0.025,WestAfrica,Benin,plywood,19.48470209,13.60851735,-21.59654747,39.66816221,deltamethrin,0.75,0.600950119,0.75,1242,83,608,811,1000,437,559,794,,,,,,,,18
260,Ngufor_2017_PLoSOne,Anophelesgambiae,deltamethrin,0.025,WestAfrica,Benin,plywood,53.63951473,43.52424855,-14.24064008,33.98891291,deltamethrin,1,0.600950119,1,1154,43,562,827,535,195,380,438,,,,,,,,18
261,Ngufor_2017_PLoSOne,Anophelesgambiae,deltamethrin,0.025,WestAfrica,Benin,plywood,50.2596054,34.20383374,15.60054024,40.81918804,deltamethrin,1.25,0.600950119,1.25,963,22,413,929,479,202,299,390,,,,,,,,18
262,Ngufor_2017_PLoSOne,Anophelesgambiae,deltamethrin,0.025,WestAfrica,Benin,plywood,48.69325997,9.246816354,12.84909996,40.43008723,deltamethrin,1.5,0.600950119,1.5,727,17,407,700,373,156,224,313,,,,,,,,18
263,Ngufor_2017_PLoSOne,Anophelesgambiae,deltamethrin,0.025,WestAfrica,Benin,plywood,58.81147541,20.39800995,3.713840181,37.77331828,deltamethrin,1.75,0.600950119,1.75,488,12,244,469,201,79,121,186,,,,,,,,18
264,Ngufor_2017_PLoSOne,Anophelesgambiae,deltamethrin,0.025,WestAfrica,Benin,plywood,73.17073171,42.54955571,7.8892372,46.9019807,deltamethrin,2,0.600950119,2,369,11,103,348,99,48,58,86,,,,,,,,18
265,Ngufor_2017_PLoSOne,Anophelesgambiae,deltamethrin,0.025,WestAfrica,Benin,plywood,75.97911227,28.47634553,-1.481392268,47.6712412,deltamethrin,2.25,0.600950119,2.25,383,25,156,361,92,47,53,88,,,,,,,,18
266,Ngufor_2017_PLoSOne,Anophelesgambiae,deltamethrin,0.025,WestAfrica,Benin,plywood,72.58064516,33.44783169,6.485671192,38.91625616,deltamethrin,2.5,0.600950119,2.5,434,28,160,429,119,51,69,110,,,,,,,,18
267,Ngufor_2017_PLoSOne,Anophelesgambiae,deltamethrin,0.025,WestAfrica,Benin,plywood,52.17391304,30.0150263,5.746585021,42.56969697,deltamethrin,2.75,0.600950119,2.75,391,16,149,386,187,84,106,174,,,,,,,,18
268,Ngufor_2017_PLoSOne,Anophelesgambiae,deltamethrin,0.025,WestAfrica,Benin,plywood,56.75057208,36.86629892,7.732911058,37.39018965,deltamethrin,3,0.600950119,3,437,16,155,421,189,75,112,168,,,,,,,,18
269,Ngufor_2017_PLoSOne,Anophelesgambiae,deltamethrin,0.025,WestAfrica,Benin,plywood,50.82644628,29.73561518,4.326719747,49.71107749,deltamethrin,3.25,0.600950119,3.25,484,23,183,457,238,124,134,215,,,,,,,,18
270,Ngufor_2017_PLoSOne,Anophelesgambiae,deltamethrin,0.025,WestAfrica,Benin,plywood,22.61904762,28.47227191,1.689476168,43.17213731,deltamethrin,3.5,0.600950119,3.5,336,29,121,326,260,125,141,248,,,,,,,,18
271,Ngufor_2017_PLoSOne,Anophelesgambiae,deltamethrin,0.025,WestAfrica,Benin,plywood,43.18658281,33.03142122,-9.538876861,41.59510231,deltamethrin,3.75,0.600950119,3.75,477,37,180,421,271,125,158,262,,,,,,,,18
272,Ngufor_2017_PLoSOne,Anophelesgambiae,deltamethrin,0.025,WestAfrica,Benin,plywood,43.51851852,38.66923819,-5.961251863,36.22661767,deltamethrin,4,0.600950119,4,432,35,126,396,244,101,138,237,,,,,,,,18
273,Ngufor_2017_PLoSOne,Anophelesgambiae,deltamethrin,0.025,WestAfrica,Benin,plywood,43.63256785,20.95112119,3.232323232,47.21435082,deltamethrin,4.25,0.600950119,4.25,479,32,185,473,270,137,139,258,,,,,,,,18
274,Ngufor_2017_PLoSOne,Anophelesgambiae,deltamethrin,0.025,WestAfrica,Benin,plywood,28.51239669,23.24525186,32.31400336,51.12085576,deltamethrin,4.5,0.600950119,4.5,484,49,176,465,346,194,177,225,,,,,,,,18
275,Ngufor_2017_PLoSOne,Anophelesgambiae,deltamethrin,0.025,WestAfrica,Benin,plywood,47.41200828,22.11980328,21.97574238,49.37937445,deltamethrin,4.75,0.600950119,4.75,483,51,190,446,254,139,134,183,,,,,,,,18
276,Ngufor_2017_PLoSOne,Anophelesgambiae,deltamethrin,0.025,WestAfrica,Benin,plywood,20,23.97660819,-3.5,46.8503937,deltamethrin,5,0.600950119,5,275,21,104,250,220,112,116,207,,,,,,,,18
277,Ngufor_2017_PLoSOne,Anophelesgambiae,deltamethrin,0.025,WestAfrica,Benin,plywood,51.03448276,29.10311611,-12.73239437,35.20561118,deltamethrin,5.25,0.600950119,5.25,290,41,97,250,142,63,75,138,,,,,,,,18
278,Ngufor_2017_PLoSOne,Anophelesgambiae,deltamethrin,0.025,WestAfrica,Benin,plywood,36.23188406,25.84566596,-8.566433566,39.55965909,deltamethrin,5.5,0.600950119,5.5,207,15,78,182,132,58,71,126,,,,,,,,18
279,Ngufor_2017_PLoSOne,Anophelesgambiae,deltamethrin,0.025,WestAfrica,Benin,plywood,33.85826772,40.67209162,-2.119883041,32.22495895,deltamethrin,5.75,0.600950119,5.75,127,11,48,114,84,32,53,77,,,,,,,,18
280,Ngufor_2017_PLoSOne,Anophelesgambiae,deltamethrin,0.025,WestAfrica,Benin,plywood,15.87301587,37.66682006,-3.757595139,33.19819117,deltamethrin,6,0.600950119,6,126,5,44,118,106,38,63,103,,,,,,,,18
281,Ngufor_2017_PLoSOne,Anophelesgambiae,deltamethrin,0.025,WestAfrica,Benin,plywood,-10.34482759,17.61363636,2.901785714,41.74107143,deltamethrin,6.25,0.600950119,6.25,58,2,25,56,64,28,34,60,,,,,,,,18
282,Ngufor_2017_PLoSOne,Anophelesgambiae,deltamethrin,0.025,WestAfrica,Benin,plywood,23.52941176,39.39962477,8.461538462,43.95604396,deltamethrin,6.5,0.600950119,6.5,51,2,10,50,39,18,20,35,,,,,,,,18
283,Ngufor_2017_PLoSOne,Anophelesgambiae,deltamethrin,0.025,WestAfrica,Benin,plywood,52.38095238,38.23529412,11.57894737,38.53658537,deltamethrin,6.75,0.600950119,6.75,42,1,8,38,20,8,10,16,,,,,,,,18
284,Ngufor_2017_PLoSOne,Anophelesgambiae,deltamethrin,0.025,WestAfrica,Benin,plywood,46.77419355,18.75511876,15.45454545,35.32041729,deltamethrin,7,0.600950119,7,62,1,25,60,33,12,17,27,,,,,,,,18
285,Ngufor_2017_PLoSOne,Anophelesgambiae,deltamethrin,0.025,WestAfrica,Benin,plywood,0,42.30769231,8.108108108,32.43243243,deltamethrin,7.25,0.600950119,7.25,37,0,11,37,37,12,22,34,,,,,,,,18
286,Ngufor_2017_PLoSOne,Anophelesgambiae,deltamethrin,0.025,WestAfrica,Benin,plywood,63.33333333,44.21487603,-15.38461538,21.41756549,deltamethrin,7.5,0.600950119,7.5,60,1,16,52,22,5,13,22,,,,,,,,18
287,Ngufor_2017_PLoSOne,Anophelesgambiae,deltamethrin,0.025,WestAfrica,Benin,plywood,56.41025641,23.52941176,-5.405405405,27.55417957,deltamethrin,7.75,0.600950119,7.75,39,1,9,37,17,5,7,17,,,,,,,,18
288,Ngufor_2017_PLoSOne,Anophelesgambiae,deltamethrin,0.025,WestAfrica,Benin,plywood,50,20,-23.07692308,37.5,deltamethrin,8,0.600950119,8,16,0,6,13,8,3,4,8,,,,,,,,18
289,Ngufor_2017_PLoSOne,Anophelesgambiae,deltamethrin,0.025,WestAfrica,Benin,plywood,37.93103448,32.16374269,-3.571428571,33.33333333,deltamethrin,8.25,0.600950119,8.25,29,0,10,28,18,6,10,18,,,,,,,,18
290,Ngufor_2017_PLoSOne,Anophelesgambiae,deltamethrin,0.025,WestAfrica,Benin,plywood,6.818181818,27.17770035,0,17.07317073,deltamethrin,8.5,0.600950119,8.5,44,0,16,44,41,7,22,41,,,,,,,,18
291,Oxborough_2014_para_vec,Anopheles_arabiensis,deltamethrin_wg,0.025,EastAfrica,Tanzania,concrete,-50,,27.27272727,58.73015873,deltamethrin,1,0.653333333,0,50,8,,44,75,49,,48,,,,,,,,19
292,Oxborough_2014_para_vec,Anopheles_arabiensis,deltamethrin_wg,0.025,EastAfrica,Tanzania,concrete,-14.03508772,,49.89010989,34.62937063,deltamethrin,2,0.653333333,2,57,2,,56,65,24,,32,,,,,,,,19
293,Oxborough_2014_para_vec,Anopheles_arabiensis,deltamethrin_wg,0.025,EastAfrica,Tanzania,concrete,6.382978723,,46.59090909,29.59710744,deltamethrin,3,0.653333333,3,47,3,,42,44,15,,21,,,,,,,,19
294,Oxborough_2014_para_vec,Anopheles_arabiensis,deltamethrin_wg,0.025,EastAfrica,Tanzania,concrete,-100.621118,,71.14225191,79.54114875,deltamethrin,4,0.653333333,4,161,27,,95,323,268,,55,,,,,,,,19
295,Oxborough_2014_para_vec,Anopheles_arabiensis,deltamethrin_wg,0.025,EastAfrica,Tanzania,concrete,-271.372549,,58.57363334,57.29616828,deltamethrin,5,0.653333333,5,255,28,,117,947,587,,180,,,,,,,,19
296,Oxborough_2014_para_vec,Anopheles_arabiensis,deltamethrin_wg,0.025,EastAfrica,Tanzania,concrete,-245.045045,,69.94487961,69.42295255,deltamethrin,6,0.653333333,6,111,2,,81,383,268,,84,,,,,,,,19
297,Oxborough_2014_para_vec,Anopheles_arabiensis,deltamethrin_wg,0.025,EastAfrica,Tanzania,concrete,-216.2790698,,53.35101254,61.68685121,deltamethrin,7,0.653333333,7,86,1,,61,272,169,,90,,,,,,,,19
298,Oxborough_2014_para_vec,Anopheles_arabiensis,deltamethrin_wg,0.025,EastAfrica,Tanzania,concrete,-13.04347826,,75.87412587,35.66433566,deltamethrin,9,0.653333333,9,23,1,,22,26,10,,6,,,,,,,,19
299,Oxborough_2014_para_vec,Anopheles_arabiensis,deltamethrin_wg,0.025,EastAfrica,Tanzania,mud,-30,,12.58741259,28.57142857,deltamethrin,1,0.4,0,50,8,,44,65,26,,50,,,,,,,,20
300,Oxborough_2014_para_vec,Anopheles_arabiensis,deltamethrin_wg,0.025,EastAfrica,Tanzania,mud,-54.38596491,,46.79383117,41.11570248,deltamethrin,2,0.4,2,57,2,,56,88,38,,46,,,,,,,,20
301,Oxborough_2014_para_vec,Anopheles_arabiensis,deltamethrin_wg,0.025,EastAfrica,Tanzania,mud,31.91489362,,61.5327381,13.21022727,deltamethrin,3,0.4,3,47,3,,42,32,6,,11,,,,,,,,20
302,Oxborough_2014_para_vec,Anopheles_arabiensis,deltamethrin_wg,0.025,EastAfrica,Tanzania,mud,-109.9378882,,71.42011834,66.23023934,deltamethrin,4,0.4,4,161,27,,95,338,243,,57,,,,,,,,20
303,Oxborough_2014_para_vec,Anopheles_arabiensis,deltamethrin_wg,0.025,EastAfrica,Tanzania,mud,-233.3333333,,45.38461538,62.99559471,deltamethrin,5,0.4,5,255,28,,117,850,570,,213,,,,,,,,20
304,Oxborough_2014_para_vec,Anopheles_arabiensis,deltamethrin_wg,0.025,EastAfrica,Tanzania,mud,-257.6576577,,71.34993936,70.50123634,deltamethrin,6,0.4,6,111,2,,81,397,282,,83,,,,,,,,20
305,Oxborough_2014_para_vec,Anopheles_arabiensis,deltamethrin_wg,0.025,EastAfrica,Tanzania,mud,-172.0930233,,62.04287516,62.38310709,deltamethrin,7,0.4,7,86,1,,61,234,147,,63,,,,,,,,20
306,Oxborough_2014_para_vec,Anopheles_arabiensis,deltamethrin_wg,0.025,EastAfrica,Tanzania,mud,-30.43478261,,16.36363636,19.84848485,deltamethrin,9,0.4,9,23,1,,22,30,7,,24,,,,,,,,20
307,Oxborough2010,Anophelesarabiensis,alphacypermethrin,0.03,EastAfrica,Tanzania,concrete,-17.90123457,-5.09902117,33.4627189,51.93717277,alphacypermethrin,0.5,0.554973822,0,162,12,116,116,191,106,134,91,,,,,,,,21
308,Oxborough2010,Anophelesarabiensis,alphacypermethrin,0.03,EastAfrica,Tanzania,concrete,2.290076336,47.06357759,33.77757353,37.27318548,alphacypermethrin,1,0.554973822,1,131,7,102,102,128,52,113,66,,,,,,,,21
309,Oxborough2010,Anophelesarabiensis,alphacypermethrin,0.03,EastAfrica,Tanzania,concrete,-30.76923077,-33.82352941,16.57754011,12.05882353,alphacypermethrin,1.5,0.554973822,1.5,26,6,22,22,34,11,27,24,,,,,,,,21
310,Oxborough2010,Anophelesarabiensis,alphacypermethrin,0.03,EastAfrica,Tanzania,concrete,-250,,42.85714286,57.14285714,alphacypermethrin,2,0.554973822,2,2,0,2,2,7,4,5,4,,,,,,,,21
311,Agossa_2018ParaVec,Anophelesgambiae,deltamethrin,0.025,WestAfrica,Benin,cement,8.615049073,68.13479714,5.180171368,7.99522673,deltamethrin,1,0.079952267,0,917,0,292,854,838,67,656,740,,,,,,,,22
312,Agossa_2018ParaVec,Anophelesgambiae,deltamethrin,0.025,WestAfrica,Benin,cement,17.69706337,64.90523007,1.44921448,10.04694836,deltamethrin,2,0.079952267,2,1294,0,380,1207,1065,107,801,979,,,,,,,,22
313,Agossa_2018ParaVec,Anophelesgambiae,deltamethrin,0.025,WestAfrica,Benin,cement,30.39940828,50.68012752,-2.386323584,9.032943677,deltamethrin,3,0.079952267,3,1352,0,312,1197,941,85,584,853,,,,,,,,22
314,Agossa_2018ParaVec,Anophelesgambiae,deltamethrin,0.025,WestAfrica,Benin,cement,5.654101996,62.41144603,-4.832442725,7.990599295,deltamethrin,4,0.079952267,4,902,0,276,822,851,68,629,813,,,,,,,,22
315,Agossa_2018ParaVec,Anophelesgambiae,deltamethrin,0.025,WestAfrica,Benin,cement,5.156950673,62.01529959,-3.199295241,4.964539007,deltamethrin,5,0.079952267,5,892,0,273,848,846,42,623,830,,,,,,,,22
316,Agossa_2018ParaVec,Anophelesgambiae,deltamethrin,0.025,WestAfrica,Benin,cement,-9.97706422,50.63063733,-1.992788673,1.981230448,deltamethrin,6,0.079952267,6,872,0,255,830,959,19,624,931,,,,,,,,22
317,Agossa_2018ParaVec,Anophelesgambiae,deltamethrin,0.025,WestAfrica,Benin,cement,-6.684491979,52.19172429,0.447043895,5.012531328,deltamethrin,7,0.079952267,7,1122,0,375,1031,1197,60,816,1095,,,,,,,,22
318,Agossa_2018ParaVec,Anophelesgambiae,deltamethrin,0.025,WestAfrica,Benin,cement,0.476947536,39.97921909,3.025856304,3.993610224,deltamethrin,8,0.079952267,8,1258,0,354,1204,1252,50,712,1162,,,,,,,,22
319,Akogbeto2010,Anophelesgambiae,deltamethrin,0.2,WestAfrica,Benin,cement,3.225806452,26.47435897,48.33333333,65.55555556,deltamethrin,1,0.666666667,0,62,2,10,20,60,40,23,10,,,,,,,,23
320,Akogbeto2010,Anophelesgambiae,deltamethrin,0.2,WestAfrica,Benin,cement,28.76712329,60.26850508,29.80769231,66.38678223,deltamethrin,2,0.666666667,2,73,2,20,10,52,35,37,5,,,,,,,,23
321,Akogbeto2010,Anophelesgambiae,deltamethrin,0.2,WestAfrica,Benin,cement,13.69863014,18.20728291,42.06349206,18.88888889,deltamethrin,3,0.666666667,3,73,3,5,8,63,14,15,4,,,,,,,,23
322,Akogbeto2010,Anophelesgambiae,deltamethrin,0.2,WestAfrica,Benin,cement,34.69387755,7.03125,8.125,23.4375,deltamethrin,4,0.666666667,4,49,3,21,5,32,9,15,3,,,,,,,,23
323,Akogbeto2010,Anophelesgambiae,alphacypermethrin,0.2,WestAfrica,Benin,cement,3.225806452,22.5,43.16666667,77.61111111,alphacypermethrin,1,0.783333333,0,62,2,10,20,60,47,21,11,,,,,,,,24
324,Akogbeto2010,Anophelesgambiae,alphacypermethrin,0.2,WestAfrica,Benin,cement,-12.32876712,44.56971928,10.97560976,59.87633116,alphacypermethrin,2,0.783333333,2,73,2,20,10,82,50,49,10,,,,,,,,24
325,Akogbeto2010,Anophelesgambiae,alphacypermethrin,0.2,WestAfrica,Benin,cement,-6.849315068,38.06561086,53.20512821,21.11721612,alphacypermethrin,3,0.783333333,3,73,3,5,8,78,19,33,4,,,,,,,,24
326,Akogbeto2010,Anophelesgambiae,alphacypermethrin,0.2,WestAfrica,Benin,cement,30.6122449,22.79411765,42.35294118,31.0741688,alphacypermethrin,4,0.783333333,4,49,3,21,5,34,12,19,2,,,,,,,,24
